survey_id,date,flow,section_name,units_covered,turbidity,temperature,weather
3,1999-06-30,7788,G95,NA,NA,64,sunny
4,1999-06-30,7788,Big Hole Island,NA,NA,64,sunny
5,1999-07-01,8050,Mcfarland Bend,NA,1.5,65,sunny
6,1999-07-01,8050,Big Riffle,NA,1.5,64,sunny
7,1999-07-01,8050,Lower  Hour Riffle,NA,NA,64.5,sunny
10,1999-06-28,621,Robinson Riffle,NA,3.5,61.5,sunny
11,1999-06-28,621,Below Great Western Riffle,NA,3.5,60.5,sunny
12,1999-06-25,628,Aleck Riffle,NA,4.09999990463257,62,sunny
13,1999-06-25,628,Bedrock Riffle,NA,4.09999990463257,58.5,sunny
14,1999-06-23,650,Hatchery Ditch,NA,NA,56,sunny
15,1999-06-22,661,Hatchery Riffle,NA,NA,56.5,sunny
17,1999-06-04,1876,McFarland,NA,1.70000004768372,64.5,overcast
18,1999-06-03,1752,Goose Riffle,NA,1,63,overcast
19,1999-06-01,1870,Kiester Riffle,NA,1.5,67,overcast
21,1999-05-25,1886,Vance Riffle,NA,NA,64,sunny
22,1999-05-25,1886,G95,NA,NA,66,sunny
23,1999-05-24,1886,Vance Riffle,NA,0.600000023841858,65,sunny
25,1999-05-20,627,Gateway Riffle,NA,3.5,58,sunny
26,1999-05-20,627,Steep Riffle,NA,2.79999995231628,56.5,overcast
28,1999-05-20,627,Eye Riffle,NA,2.59999990463257,57.5,sunny
29,1999-04-09,3297,Big Hole Island To G95,NA,NA,51,sunny
31,1999-04-12,600,Table Mtn Bridge To Hatchery Riffle,NA,NA,NA,NA
32,1999-04-12,600,Hatchery Riffle To  Upper Bedrock Pool,NA,NA,NA,NA
34,1999-04-13,600,Matthews To Aleck,NA,NA,NA,NA
35,1999-04-13,600,Robinson To Steep,NA,NA,NA,NA
36,1999-04-14,4019,G95 To Hour Glide,NA,NA,NA,NA
37,1999-04-14,4019,G95 To Hour Glide,NA,NA,NA,NA
40,1999-04-27,621,Table Mtn Bridge To Hatchery Riffle,NA,NA,51,NA
41,1999-04-27,621,Hatchery Riffle,NA,NA,52,NA
42,1999-04-27,621,Auditorium Rifle,NA,NA,52,NA
43,1999-04-27,621,Lower Auditorium To Upper Bedrock Pool,NA,NA,53,NA
44,1999-04-27,621,Upper Bedrock Pool To H70 Bridge,NA,NA,53,NA
47,1999-04-29,621,Steep To Eye,NA,NA,52.5,NA
49,1999-04-29,621,Eye To Gateway,NA,NA,55.5,NA
51,1999-04-30,614,Trailer Park To Aleck,NA,NA,53,NA
52,1999-04-30,614,Aleck Riffle,NA,NA,55,NA
53,1999-04-30,614,Robinson,NA,NA,NA,NA
56,1999-05-03,5025,Island @ Bottom Of Big Hole Island,NA,NA,56.5,NA
58,1999-05-04,4293,Keister Riffle,NA,NA,57,NA
60,1999-05-04,4293,Lower Hour,NA,NA,56,NA
61,1999-05-04,4293,Hour Glide,NA,NA,56,NA
62,1999-05-05,620,66.75-67,NA,NA,50.5,NA
63,1999-05-05,620,66.6-66.75,NA,NA,52,NA
64,1999-05-05,620,Auditorium,NA,NA,52,NA
65,1999-05-13,620,Hatchery Riffle,NA,NA,52,sunny
67,1999-05-17,615,Bedrock Riffle,NA,NA,55,sunny
69,1999-05-17,615,Hatchery Riffle,NA,NA,54.5,sunny
69,1999-05-17,615,Auditorium Riffle,NA,NA,54.5,sunny
69,1999-05-17,615,Hatchery Ditch,NA,NA,54.5,sunny
70,1999-05-18,620,Bedrock Riffle,NA,NA,NA,sunny
71,1999-05-18,620,Trailer Park Riffle,NA,NA,NA,sunny
71,1999-05-18,620,Matthews Riffle,NA,NA,NA,sunny
72,1999-05-18,620,Matthews Riffle,NA,NA,NA,sunny
72,1999-05-18,620,Aleck Riffle,NA,NA,NA,sunny
73,1999-05-19,622,Gravel Mine To N. Robinson Riffle,NA,NA,57,sunny
74,1999-05-19,622,Great Western To Gravel Mine,NA,3.5,63,sunny
76,1999-05-20,627,Robinson Riffle,NA,NA,56,sunny
77,1999-06-22,661,Auditorium Riffle,NA,NA,57,sunny
78,1999-07-21,627,Hatchery Riffle,NA,NA,59,sunny
79,1999-07-21,627,Auditorium Riffle,NA,NA,59,sunny
80,1999-07-21,627,Auditorium Riffle,NA,NA,61,sunny
82,1999-07-22,624,Hatchery Ditch,NA,NA,60,sunny
84,1999-06-24,663,Hatchery Ditch,NA,2,57.5,sunny
85,1999-06-24,663,Hatchery Ditch,NA,2,56,sunny
86,1999-07-26,623,Montgomery Street,NA,NA,61,sunny
89,1999-07-28,9564,Below G95,NA,NA,63,sunny
91,1999-07-28,9564,Above Big Hole Boat Launch,NA,2.40000009536743,63,sunny
92,1999-07-28,9564,G95,NA,NA,62.5,sunny
93,1999-07-29,9315,Mcfarland Riffle,NA,3.09999990463257,63,sunny
94,1999-07-29,9315,Swampy Bend To Gridley Bridge,NA,3.09999990463257,64,sunny
95,1999-08-23,600,Hatchery Riffle,NA,NA,55,sunny
95,1999-08-23,600,Auditorium Riffle,NA,NA,55,sunny
97,1999-08-26,4500,G95,NA,NA,63,overcast
98,1999-08-30,5500,"Big Bar, Mcfarland",NA,2.90000009536743,65,sunny
99,1999-08-26,4500,Goose Riffle,NA,NA,64,overcast
100,1999-08-26,4500,Hour Riffle,NA,NA,64,overcast
102,1999-08-25,NA,Eye Riffle,NA,NA,61,overcast
103,1999-08-25,NA,Above Eye Riffle,NA,NA,58,overcast
104,1999-08-25,NA,Eye Riffle,NA,NA,58,overcast
105,1999-08-24,600,Above Hatchery,NA,NA,56,overcast
106,1999-08-24,600,Aleck Riffle,NA,NA,58,overcast
107,1999-08-24,600,Robinson Riffle,NA,NA,59,overcast
110,1999-10-06,600,Steep Riffle,NA,NA,60,overcast
111,1999-10-06,600,Eye Riffle,NA,NA,58,sunny
112,1999-10-06,600,Robinson Riffle,NA,NA,56.5,overcast
113,1999-10-06,600,Aleck Riffle,NA,NA,61,sunny
114,1999-10-27,2450,G95,NA,NA,56,precipitation
116,1999-10-27,2450,Eye Riffle,NA,4.80000019073486,54,overcast
117,1999-10-27,2450,Big Hole Boat Launch,NA,NA,NA,precipitation
119,1999-10-27,2450,Vance Riffle,NA,NA,NA,precipitation
120,1999-10-26,600,Eye Riffle,NA,NA,55,overcast
121,1999-10-26,600,Steep Riffle,NA,NA,58.5,overcast
122,1999-10-26,600,Robinson Riffle,NA,NA,58,sunny
123,1999-10-26,600,Steep Riffle,NA,NA,NA,overcast
124,1999-09-27,3500,Mcfarland Bend,NA,1,NA,sunny
125,1999-09-27,3500,Big Bar Riffle,NA,1,NA,sunny
128,1999-10-07,600,Matthews Riffle,NA,NA,53.5,sunny
129,1999-10-07,600,Trailer Park Riffle,NA,NA,53.5,sunny
130,1999-10-07,3900,Riffle Below Vance Avenue Boat Launch,NA,NA,58.5,sunny
131,1999-10-25,600,Hatchery Riffle,NA,NA,NA,sunny
133,1999-10-25,600,Bedrock Riffle,NA,NA,NA,sunny
134,1999-10-25,600,Trailer Park Riffle,NA,NA,NA,sunny
247,2000-06-05,600,Fish Barrier Dam To Hatchery Riffle,NA,NA,56,sunny
248,2000-06-05,600,Hatchery Riffle,NA,NA,57,sunny
249,2000-06-05,600,Auditorium Riffle,NA,NA,58,sunny
249,2000-06-05,600,Bedrock Riffle,NA,NA,58,sunny
251,2000-06-06,600,Trailer Park Riffle,NA,2.5,60.5,sunny
251,2000-06-06,600,Matthews Riffle,NA,2.5,60.5,sunny
251,2000-06-06,600,Aleck Riffle,NA,2.5,60.5,sunny
252,2000-06-07,600,Robinson Riffle,NA,NA,63,sunny
252,2000-06-07,600,Steep Riffle,NA,NA,63,sunny
254,2000-06-08,600,Eye Riffle,NA,NA,60,overcast
255,2000-06-08,600,Gateway Riffle,NA,NA,60,overcast
256,2000-06-12,4000,Vance Riffle,NA,1,65,sunny
257,2000-06-13,4000,Gateway Riffle,NA,NA,68,sunny
258,2000-06-14,4000,Hatchery Ditch,NA,NA,55.5,sunny
259,2000-06-19,NA,Hatchery Ditch,NA,NA,57,sunny
260,1999-12-16,600,Robinson Riffle,NA,NA,NA,sunny
260,1999-12-16,600,Steep Riffle,NA,NA,NA,sunny
261,1999-12-16,600,Trailer Park Riffle,NA,NA,NA,sunny
261,1999-12-16,600,Matthews Riffle,NA,NA,NA,sunny
262,1999-12-16,600,Hatchery Riffle,NA,NA,NA,sunny
262,1999-12-16,600,Auditorium Riffle,NA,NA,NA,sunny
262,1999-12-16,600,Bedrock Riffle,NA,NA,NA,sunny
263,2000-01-06,NA,Hatchery Ditch,NA,NA,50,overcast
264,2000-01-19,600,Steep Riffle,NA,1.5,NA,overcast
265,2000-01-19,600,Eye Riffle,NA,1.5,NA,overcast
268,2000-02-29,NA,Hatchery Ditch,NA,NA,NA,precipitation
269,2000-03-02,NA,Hatchery Ditch,NA,NA,46.5,precipitation
270,2000-03-02,NA,Hatchery Ditch,NA,NA,47.5,overcast
271,2000-03-21,NA,Hatchery Ditch,NA,NA,48.5,sunny
272,2000-03-21,NA,Hatchery Ditch,NA,NA,NA,sunny
274,2000-03-22,600,"River Mile 66.9; Units 5,6,7,8",NA,NA,49.5,sunny
276,2000-03-22,600,Auditorium Riffle,NA,NA,51,sunny
276,2000-03-22,600,Bedrock Riffle,NA,NA,51,sunny
277,2000-03-22,600,Bedrock Riffle,NA,NA,52.5,sunny
282,2000-04-04,600,Robinson Side Channel,NA,NA,NA,sunny
283,2000-04-04,600,Robinson Pond Outlet Channel,NA,NA,NA,sunny
284,2000-04-04,600,Steep Riffle,NA,NA,NA,sunny
284,2000-04-04,600,Eye Riffle,NA,NA,NA,sunny
285,2000-04-04,600,Eye Riffle,NA,NA,NA,sunny
287,2000-04-06,2500,"Big Hole Islands, 1/4 Mile Below R.m 58",NA,NA,58,sunny
288,2000-04-06,2500,Big Hole Islands @ R.m 57,NA,NA,58,sunny
289,2000-04-06,NA,Vance Ave. Boat Ramp,NA,NA,58,sunny
290,2000-04-06,NA,G95,NA,NA,58,sunny
291,2000-04-06,NA,Kiester Riffle,NA,NA,58,sunny
293,2000-04-06,2500,Goose Riffle,NA,NA,60,sunny
294,2000-04-26,600,Hatchery Riffle,NA,NA,53.5,sunny
296,2000-04-26,600,Bedrock Riffle,NA,NA,NA,sunny
297,2000-04-27,NA,Hatchery Ditch,NA,NA,55,overcast
298,2000-04-27,NA,Hatchery Ditch,NA,NA,54,overcast
299,2000-05-02,NA,Hatchery Ditch,NA,NA,57,sunny
300,2000-05-02,NA,Hatchery Ditch,NA,NA,54.5,sunny
303,2000-05-03,600,Aleck Riffle,NA,NA,56.5,sunny
304,2000-05-03,600,Robinson Riffle,NA,NA,58.5,sunny
305,2000-05-04,600,Steep Riffle,NA,NA,59,sunny
306,2000-05-04,600,Steep Riffle,NA,NA,59,sunny
307,2000-05-04,600,Eye Riffle,NA,NA,60.5,sunny
308,2000-05-04,600,Gateway Riffle,NA,NA,60.5,overcast
309,2000-05-15,2500,Herringer Side Channel/Main Channel,NA,NA,59,precipitation
311,2000-05-15,2500,Gridley Riffle Side Channel (See Comments),NA,NA,59,precipitation
312,2000-05-16,2500,G95,NA,NA,58,overcast
314,2000-05-16,2500,McFarland,NA,NA,57.5,overcast
315,2000-05-17,600,Auditorium Riffle,NA,NA,54,sunny
315,2000-05-17,600,Hatchery Riffle,NA,NA,54,sunny
316,2000-05-24,600,Bedrock Riffle,NA,NA,NA,sunny
317,2000-05-24,600,Bedrock Riffle,NA,NA,NA,sunny
317,2000-05-24,600,Trailer Park Riffle,NA,NA,NA,sunny
317,2000-05-24,600,Matthews Riffle,NA,NA,NA,sunny
318,2000-05-24,600,Aleck Riffle,NA,NA,NA,sunny
320,2000-05-25,600,Steep Riffle,NA,NA,61.5,sunny
321,2000-05-25,600,Steep Riffle,NA,NA,61.5,sunny
323,2000-06-08,600,Gateway Pool - Thermalito Pool,NA,NA,61,precipitation
324,2000-06-12,4000,G95,NA,NA,66,sunny
326,2000-06-15,NA,Goose Backwater To Big Bar Riffle,NA,NA,71,sunny
327,2000-06-20,4000,McFarland,NA,NA,68,sunny
328,2000-06-20,4000,Below Macfarland To Upstream,NA,NA,71,sunny
329,2000-06-21,NA,Below Macfarland Riffle - Gridley Bridge,NA,NA,70,sunny
330,2000-06-22,4000,Gridley Riffle,NA,NA,67,sunny
332,2000-06-22,4000,"Cox Riffle, Upper Herringer",NA,NA,69,sunny
333,2000-07-17,NA,Hatchery Ditch,NA,NA,66,sunny
335,2000-07-17,NA,Auditorium Riffle,NA,NA,64.5,sunny
336,2000-07-17,NA,Hatchery Riffle,NA,NA,64,NA
338,2000-07-18,600,Robinson Riffle,NA,NA,NA,sunny
339,2000-07-18,600,Steep Riffle,NA,NA,NA,sunny
340,2000-07-18,600,Eye Riffle,NA,NA,67,sunny
341,2000-07-19,7000,G95,NA,NA,65.5,sunny
344,2000-08-14,NA,Hatchery Ditch,NA,NA,64,sunny
345,2000-08-14,NA,Hatchery Ditch,NA,NA,62.5,sunny
346,2000-08-14,600,Hatchery Riffle,NA,NA,NA,sunny
347,2000-08-15,600,Auditorium Riffle,NA,NA,NA,sunny
348,2000-08-15,600,Bedrock Riffle,NA,NA,NA,sunny
349,2000-08-15,600,Trailer Park Riffle,NA,NA,64,sunny
351,2000-08-15,6000,Aleck Riffle,NA,NA,NA,sunny
352,2000-08-16,600,Robinson Side Channel,NA,NA,64,sunny
353,2000-08-16,600,Steep Riffle,NA,1.20000004768372,66,sunny
355,2000-08-16,600,Eye Riffle,NA,1.10000002384186,65,sunny
357,2000-08-17,NA,Goose Riffle,NA,NA,NA,overcast
358,2000-08-17,NA,G95,NA,NA,66.5,overcast
360,2000-08-21,NA,Gridley Riffle,NA,NA,65,sunny
361,2000-08-21,NA,Gridely Riffle Side Channel,NA,NA,65,sunny
362,2000-08-21,NA,Herringer Riffle,NA,NA,66.5,sunny
363,2000-08-21,NA,Herringer Side Channel,NA,NA,65,sunny
364,2000-09-11,600,Bedrock Riffle,NA,NA,NA,sunny
367,2000-09-11,600,Hatchery Riffle,NA,NA,NA,sunny
367,2000-09-11,600,Auditorium Riffle,NA,NA,NA,sunny
368,2000-09-11,600,Hatchery Riffle,NA,NA,NA,sunny
368,2000-09-11,600,Auditorium Riffle,NA,NA,NA,sunny
369,2000-09-11,600,Trailer Park Riffle,NA,NA,NA,sunny
369,2000-09-11,600,Matthews Riffle,NA,NA,NA,sunny
370,2000-09-11,600,Robinson Riffle,NA,NA,NA,sunny
371,2000-09-11,600,Steep Riffle,NA,NA,NA,sunny
372,2001-03-06,NA,Hatchery Ditch,NA,NA,44,sunny
373,2001-03-06,NA,Hatchery Ditch,NA,NA,44,sunny
374,2001-03-07,600,Trailer Park Riffle,NA,1,51,sunny
374,2001-03-07,600,Matthews Riffle,NA,1,51,sunny
375,2001-03-07,600,Aleck Riffle,NA,NA,51,sunny
377,2001-03-07,600,Hatchery Riffle,NA,1.5,48.5,sunny
377,2001-03-07,600,Auditorium Riffle,NA,1.5,48.5,sunny
379,2001-03-08,1700,Goose Riffle,NA,NA,NA,overcast
380,2001-03-08,NA,Macfarland,NA,NA,54,overcast
381,2001-03-08,600,Robinson Riffle,NA,NA,50,overcast
381,2001-03-08,600,Steep Riffle,NA,NA,50,overcast
381,2001-03-08,600,Eye Riffle,NA,NA,50,overcast
382,2001-04-02,NA,Hatchery Ditch,NA,NA,NA,sunny
385,2001-04-03,600,Hatchery Riffle,NA,NA,NA,sunny
386,2001-04-03,600,Aleck Riffle,NA,NA,NA,sunny
387,2001-04-04,600,Robinson Riffle,NA,NA,NA,sunny
388,2001-04-04,600,Steep Riffle,NA,NA,NA,sunny
389,2001-04-04,600,Eye Riffle,NA,NA,NA,sunny
390,2001-07-03,600,Aleck Riffle,NA,NA,NA,sunny
391,2001-07-03,600,Eye Riffle,NA,NA,NA,sunny
393,2001-04-05,1550,Macfarland Riffle,NA,NA,NA,sunny
394,2001-04-05,1550,G95,NA,NA,NA,sunny
396,2001-05-02,600,Bedrock Riffle,NA,NA,52,sunny
396,2001-05-02,600,Matthews Riffle,NA,NA,52,sunny
397,2001-07-09,1900,Goose Riffle,NA,NA,NA,sunny
398,2001-07-09,NA,Kiester Riffle,NA,NA,NA,sunny
399,2001-07-09,NA,G95,NA,NA,NA,sunny
402,2001-07-02,600,Steep Riffle,NA,NA,NA,sunny
403,2001-06-06,NA,G95,NA,NA,NA,sunny
404,2001-06-06,600,Steep Riffle,NA,NA,NA,sunny
405,2001-06-06,600,Eye Riffle,NA,NA,NA,sunny
407,2001-06-05,600,Aleck Riffle,NA,NA,NA,sunny
408,2001-06-05,600,Auditorium Riffle,NA,NA,NA,sunny
409,2001-06-05,600,Hatchery Riffle,NA,NA,NA,sunny
410,2001-05-30,NA,Hatchery Ditch,NA,NA,NA,sunny
411,2001-07-10,NA,Hatchery Ditch,NA,NA,59,sunny
414,2001-05-09,1300,Big Riffle,NA,NA,62,sunny
415,2001-07-10,600,Hatchery Riffle,NA,NA,60,sunny
416,2001-07-10,600,Auditorium Riffle,NA,NA,57,sunny
417,2001-05-08,NA,Kiester Riffle,NA,NA,65,sunny
418,2001-05-07,1350,Vance Riffle,NA,1,63.5,sunny
419,2001-05-02,600,Aleck Riffle,NA,NA,52.5,sunny
419,2001-05-02,600,Trailer Park Riffle,NA,NA,52.5,sunny
419,2001-05-02,600,Matthews Riffle,NA,NA,52.5,sunny
420,2001-05-03,600,Robinson Riffle,NA,NA,53,sunny
420,2001-05-03,600,Steep Riffle,NA,NA,53,sunny
420,2001-05-03,600,Eye Riffle,NA,NA,53,sunny
420,2001-05-03,600,Gateway Riffle,NA,NA,53,sunny
421,2001-05-09,1300,Big Bar To Mcfarland,NA,NA,63,sunny
424,2001-05-30,NA,Hatchery Ditch,NA,NA,55,sunny
426,2001-06-05,600,Robinson Riffle,NA,NA,NA,sunny
427,2001-07-30,600,Steep Riffle,NA,NA,NA,sunny
427,2001-07-30,600,Eye Riffle,NA,NA,NA,sunny
427,2001-07-30,600,Robinson Riffle,NA,NA,NA,sunny
428,2001-07-31,1900,Macfarland Riffle,NA,NA,69,sunny
429,2001-07-31,1900,Goose Riffle,NA,NA,69,sunny
430,2001-07-31,1900,G95,NA,NA,67,sunny
433,2001-07-26,600,Hatchery Riffle,NA,NA,60,sunny
434,2001-07-26,600,Bedrock Riffle,NA,NA,60,sunny
436,2001-07-27,600,Matthews Riffle,NA,NA,NA,sunny
437,2001-08-13,5,Hatchery Ditch,NA,NA,60,sunny
438,2001-08-13,700,Hatchery Riffle,NA,NA,NA,sunny
438,2001-08-13,700,Auditorium Riffle,NA,NA,NA,sunny
440,2001-09-11,NA,Goose Riffle,NA,NA,NA,overcast
441,2001-09-11,NA,G-95  East Channel,NA,NA,NA,overcast
442,2001-09-11,NA,G95,NA,NA,NA,overcast
443,2001-09-10,NA,Hatchery Ditch,NA,NA,NA,overcast
444,2001-09-10,NA,Auditorium Riffle,NA,NA,NA,sunny
447,2001-09-10,NA,Steep Riffle,NA,NA,NA,sunny
448,2001-08-16,NA,Herringer Riffle,NA,NA,NA,sunny
449,2001-08-16,NA,Shallow Riffle,NA,NA,NA,sunny
450,2001-08-16,NA,Gridley Riffle,NA,NA,NA,sunny
451,2001-08-15,NA,Vance Riffle,NA,NA,NA,sunny
452,2001-08-15,NA,G95,NA,NA,NA,sunny
454,2001-08-15,NA,Kiester Riffle,NA,NA,NA,sunny
456,2001-08-14,600,Robinson Riffle,NA,NA,NA,sunny
457,2001-08-14,700,Steep Riffle,NA,NA,62,sunny
458,2001-08-14,600,Robinson Side,NA,NA,NA,sunny
459,2001-08-14,600,Robinson Side Channel,NA,NA,NA,sunny
460,2001-08-15,NA,Hour Riffle,NA,NA,NA,sunny
462,2001-08-15,600,Eye Riffle,NA,NA,NA,sunny
2,1999-06-30,7788,East Channel G95 Lower Section,NA,NA,65,sunny
9,1999-06-29,600,Lower Eye-Pool,NA,3.5,64.5,sunny
16,1999-06-04,1876,Swampy Bend,NA,1.70000004768372,65,overcast
20,1999-05-26,1884,G95 To Hour Glide,NA,NA,66.5,sunny
27,1999-05-20,627,Steep To Weir,NA,NA,57,overcast
33,1999-04-12,600,Upper Bedrock Pool To H70 Bridge,NA,NA,NA,NA
38,1999-04-14,4019,Palm Ave. Access,NA,NA,NA,NA
46,1999-04-29,621,Montgomery St. Park To Trailer Park Riffle,NA,NA,49.5,NA
55,1999-05-03,5025,Vance Ave To Big Hole Bw,NA,1.29999995231628,55,NA
59,1999-05-04,4293,Hour Bar Pool,NA,NA,56,NA
66,1999-05-13,620,Tble Mountain Bridge To Hatchery  Riffle,NA,NA,52,sunny
75,1999-05-19,622,Aleck Riffle,NA,NA,53.5,sunny
81,1999-07-22,624,Hatchery Ditch,NA,NA,60.5,sunny
87,1999-07-26,623,Aleck Riffle,NA,NA,61,sunny
90,1999-07-28,9564,Goose Riffle,NA,NA,65,sunny
109,1999-08-23,600,Hatchery Ditch,NA,NA,NA,sunny
115,1999-10-27,2450,Gateway Riffle,NA,NA,54,overcast
118,1999-10-27,2450,Across From Big Hole Boat Launch,NA,NA,NA,precipitation
126,1999-09-28,600,Bedrock Riffle,NA,NA,NA,sunny
132,1999-10-25,600,Auditorium Riffle,NA,NA,NA,sunny
135,1999-10-25,600,Matthews Riffle,NA,NA,NA,sunny
253,2000-06-07,600,Robinson Riffle,NA,NA,57,sunny
273,2000-03-21,NA,Hatchery Ditch,NA,NA,NA,sunny
275,2000-03-22,600,Hatchery Riffle,NA,NA,50,overcast
286,2000-04-06,2500,Vance Riffle,NA,NA,58,sunny
295,2000-04-26,600,Auditorium Riffle,NA,NA,55,sunny
301,2000-05-03,600,Trailer Park Riffle,NA,NA,55,sunny
313,2000-05-16,2500,Goose Riffle,NA,NA,57.5,overcast
310,2000-05-15,2500,Herring Side/Main Channel,NA,NA,59,precipitation
319,2000-05-25,600,Eye Riffle,NA,NA,62,sunny
331,2000-06-22,4000,Junkyard,NA,NA,68,sunny
337,2000-07-18,600,Aleck Riffle,NA,NA,62,sunny
342,2000-07-19,7000,Goose Riffle,NA,NA,66,sunny
350,2000-08-15,600,Robinson Riffle,NA,NA,66,sunny
354,2000-08-16,600,Steep Riffle,NA,NA,67,sunny
359,2000-08-21,NA,Macfarland,NA,NA,65,sunny
365,2000-09-11,600,Steep Riffle,NA,NA,NA,sunny
378,2001-03-08,1700,G95,NA,NA,52,overcast
383,2001-04-02,NA,Hatchery Ditch,NA,NA,NA,sunny
395,2001-05-01,600,Auditorium Riffle,NA,NA,NA,sunny
395,2001-05-01,600,Hatchery Ditch,NA,NA,NA,sunny
400,2001-07-02,600,Robinson Riffle,NA,2,NA,sunny
401,2001-07-02,NA,Steep Riffle,NA,2,NA,sunny
406,2001-06-06,NA,Goose Riffle,NA,NA,NA,sunny
412,2001-05-01,600,Hatchery Riffle,NA,NA,50,overcast
422,2001-05-09,1300,Goose Riffle,NA,0.5,61.5,sunny
431,2001-07-27,600,Aleck Riffle,NA,NA,NA,sunny
439,2001-09-11,NA,Eye Riffle,NA,NA,NA,overcast
446,2001-09-10,NA,Robinson Riffle,NA,NA,NA,sunny
455,2001-08-14,700,Aleck Riffle,NA,NA,61.5,sunny
461,2001-08-15,NA,Gateway Riffle,NA,NA,NA,sunny
8,1999-06-29,620,Eye Riffle,NA,3.5,64.5,sunny
24,1999-05-24,626,Gateway Riffle,NA,NA,60,sunny
48,1999-04-29,621,Steep To Eye,NA,NA,52.5,NA
57,1999-05-03,5025,G95,NA,NA,56,NA
68,1999-05-17,615,Auditorium Riffle,NA,NA,55.5,overcast
68,1999-05-17,615,Hatchery Ditch,NA,NA,55.5,overcast
83,1999-07-27,624,Eye Riffle,NA,4.90000009536743,64,sunny
83,1999-07-27,624,Gateway Riffle,NA,4.90000009536743,64,sunny
88,1999-07-26,623,Robinson Riffle,NA,NA,61,sunny
96,1999-08-23,600,Hatchery Ditch,NA,NA,55,sunny
101,1999-08-25,NA,Big Hole Island,NA,2.90000009536743,63,sunny
108,1999-08-24,600,Trailer Park To Matthews,NA,NA,59,overcast
127,1999-09-28,600,Hatchery Riffle,NA,NA,NA,sunny
127,1999-09-28,600,Auditorium Riffle,NA,NA,NA,sunny
250,2000-06-06,600,Hwy 70 Bridge To Hwy 162 Bridge,NA,NA,61,sunny
266,2000-02-29,600,Hatchery Riffle,NA,1.5,NA,precipitation
267,2000-02-29,600,Auditorium Riffle,NA,NA,NA,precipitation
278,2000-03-23,600,Trailer Park Riffle,NA,NA,49,sunny
278,2000-03-23,600,Matthews Riffle,NA,NA,49,sunny
278,2000-03-23,600,Aleck Riffle,NA,NA,49,sunny
278,2000-03-23,600,Robinson Riffle,NA,NA,49,sunny
292,2000-04-06,NA,Macfarland,NA,NA,58,sunny
302,2000-05-03,600,Matthews Riffle,NA,NA,56,sunny
322,2000-05-25,600,Robinson Riffle,NA,NA,61.5,sunny
325,2000-06-15,NA,Kiester Riffle,NA,NA,69,sunny
325,2000-06-15,NA,Goose Riffle,NA,NA,69,sunny
334,2000-07-17,NA,Hatchery Ditch,NA,NA,63,sunny
343,2000-07-19,7000,Macfarland Riffle,NA,NA,66.5,sunny
356,2000-08-16,600,Gateway Riffle,NA,1.10000002384186,NA,sunny
366,2000-09-11,600,Robinson Riffle,NA,NA,NA,sunny
376,2001-03-07,600,Bedrock Riffle,NA,NA,NA,sunny
384,2001-04-03,600,Auditorium Riffle,NA,NA,NA,sunny
392,2001-04-05,1550,Goose Riffle,NA,NA,NA,sunny
413,2001-05-09,1300,Mcfarland To Swampy Bend,NA,NA,64.5,sunny
423,2001-05-10,NA,Hatchery Ditch,NA,NA,55,sunny
435,2001-07-27,600,Trailer Park Riffle,NA,NA,NA,sunny
445,2001-09-10,NA,Hatchery Riffle,NA,NA,NA,sunny
453,2001-08-15,NA,Goose Riffle,NA,NA,NA,sunny
468,2003-04-23,600,Robinson Riffle,169-175,2,55.4,overcast
469,2003-04-23,600,Aleck Riffle,"119, 120, 121A",2,NA,overcast
471,2003-04-28,600,Eye Riffle,"205,210,215a,215b,216,215,217",0.5,54,precipitation
472,NA,600,Steep Riffle,"172.,185.189",0.5,54,precipitation
473,2003-04-30,NA,McFarland,449-452,0.7,59,sunny
474,2003-04-30,NA,Goose Riffle,"408,409,410",0.7,58,sunny
475,2003-04-30,NA,G95,323a-323b,0.7,58,sunny
476,2003-04-22,NA,Hatchery Ditch,26,NA,NA,sunny
477,2003-04-22,NA,Hatchery Ditch,26,NA,NA,overcast
478,2003-04-22,NA,Hatchery Ditch,26,NA,NA,overcast
479,2003-04-20,1,Hatchery Ditch,26,NA,NA,overcast
480,2003-04-22,600,Auditorium Riffle,"30,32",2,NA,overcast
481,2003-04-22,600,Auditorium Riffle,"32a,31,31a,30",2,NA,overcast
482,2003-04-22,600,Auditorium,"30,29.29a",2,NA,overcast
483,2003-04-22,600,Auditorium Riffle,30.29a,2,NA,overcast
484,2003-04-22,600,Auditorium Riffle,"30,29",2,NA,overcast
485,2003-04-21,NA,Hatchery Riffle,19.23.24.25.,1.5,53.4,overcast
486,2003-04-21,NA,Hatchery Riffle,"25,33",1.5,53.6,overcast
486,2003-04-21,NA,Hatchery Ditch,"25,33",1.5,53.6,overcast
487,2003-04-21,NA,Hatchery Ditch,33,1.5,53.6,overcast
488,2003-04-21,NA,Hatchery Ditch,33,2,53.6,precipitation
489,2003-04-21,NA,Hatchery Ditch,33,2,53.6,precipitation
490,2002-08-12,5000,Goose Riffle,409.412,NA,62,sunny
491,2002-08-12,5000,Goose,408 410 411 413,3,62,sunny
492,2003-08-12,5000,Macfarland,449 450 451 452 453,1,62,sunny
493,2002-07-25,NA,Aleck Riffle,119-127,2,50,sunny
494,2002-07-15,NA,Robinson Riffle,169-171  173-177  179  183,2,58,sunny
495,2002-07-15,700,Auditorium Riffle,29-32,2,NA,sunny
496,2002-07-09,5500,G95,323a-323b,0.5,66,sunny
497,2002-07-09,5500,Goose Riffle,408-413,0.3,65,sunny
498,2002-07-09,5500,Mcfarland,449-453,0.3,65,sunny
499,2002-08-08,600,Eye Riffle,"217,210,215,215b, 216",4,60,sunny
500,2002-08-08,600,Eye Riffle,"217, 210, 215,215b,216",4,60,sunny
501,2002-08-07,600,Steep Riffle,185 189,9,64,sunny
502,2002-08-06,600,Hatchery Riffle,"19, 23, 24, 25",9,60.5,sunny
503,2002-08-06,600,Aleck Riffle,"119, 120 121a",NA,63,sunny
504,2002-08-06,600,Robinson Riffle,"169-171, 173-177, 179, 183",9,62,sunny
505,2003-08-05,600,Hatchery Ditch,29-33,3,NA,sunny
505,2003-08-05,600,Auditorium Riffle,29-33,3,NA,sunny
506,2002-08-05,600,Hatchery Ditch,"26, 33,29-32",3,NA,sunny
507,2002-07-15,NA,Hatchery Ditch,33 26,NA,57,sunny
508,2002-08-05,600,Hatchery Ditch,"26, 33",3,NA,sunny
509,2002-08-05,600,Auditorium Riffle,29-32,3,NA,sunny
510,2002-08-06,600,Robinson Riffle,"169-171, 173-177, 179, 183",NA,62,sunny
511,2002-08-06,600,Hatchery Riffle,"19, 23, 24, 25",NA,60.5,sunny
512,2002-08-06,600,Aleck Riffle,"119, 120, 121A",NA,63,sunny
513,2002-08-07,600,Steep Riffle,"185, 189",NA,64,sunny
514,2002-08-08,600,Eye Riffle,"200, 210, 215-217",4,60,sunny
515,2002-07-15,NA,Hatchery Ditch,"33, 26",NA,57,sunny
516,2002-07-11,700,Steep Riffle,185,3,67,sunny
517,2002-07-15,600,Steep Riffle,189,NA,NA,sunny
518,2002-02-10,700,Eye Riffle,"200, 210, 215, 216, 217",3,62,sunny
519,2002-07-10,700,Eye Riffle,"200, 210, 215, 216, 217",3,62,sunny
520,2002-07-10,700,Eye Riffle,"215, 210",3,64.5,sunny
521,2002-06-17,4000,Big Riffle,"424, 430, 433, 437, 429, 435",0.5,NA,sunny
522,2002-06-17,4000,Goose Riffle,"410, 413, 419, 420, 423, 444, 448A, 452, 451, 457",1,NA,sunny
523,2002-06-17,4000,McFarland,"425, 428, 431, 434, 436, 438, 440, 445, 447, 450+",1,NA,sunny
524,2002-06-17,NA,McFarland,"442, 443, 444, 447, 450, 456, 458, 461, 464",NA,NA,NA
525,2002-06-15,NA,Hour,"338-370, 374",0.5,NA,sunny
526,2002-06-13,NA,Lower Hour,376-394,NA,NA,NA
527,2002-06-13,NA,Kiester Riffle,NA,NA,NA,NA
528,2002-06-12,3500,Vance Riffle,NA,0.5,NA,sunny
529,2002-06-11,NA,Eye Riffle,"215A, 215B, 205, 217, 215",NA,58,sunny
530,2002-06-11,NA,Gateway Riffle,"200, 218, 220, 215",NA,59,sunny
531,2002-06-11,NA,Thermalito Pool,231,NA,61,sunny
532,2002-06-10,600,Lower Robinson,"183, 176, 179, 180, 177, 172",NA,NA,NA
533,2002-06-10,600,Steep Riffle,"185, 182, 190, 189, 191, 192, 193",NA,NA,sunny
533,2002-06-10,600,Eye Riffle,"185, 182, 190, 189, 191, 192, 193",NA,NA,sunny
534,2002-06-06,600,Matthews Riffle,NA,2,55,sunny
534,2002-06-06,600,Aleck Riffle,NA,2,55,sunny
534,2002-06-06,600,Robinson Riffle,NA,2,55,sunny
535,2002-06-05,600,Auditorium To Bedrock,"37-38, 40, 46, 54",NA,NA,sunny
536,2002-06-05,600,Bedrock Riffle,"56, 59, 51, 92, 96, 100",NA,NA,sunny
536,2002-06-05,600,Trailer Park Riffle,"56, 59, 51, 92, 96, 100",NA,NA,sunny
537,2002-06-05,600,NA,"57, 92, 96, 100",NA,NA,sunny
538,2002-06-05,600,Bedrock Riffle,"38, 42, 44, 49, 51, 52, 55",NA,NA,sunny
539,2002-06-05,600,Bedrock Riffle,"56, 94",NA,NA,sunny
539,2002-06-05,600,Matthews Riffle,"56, 94",NA,NA,sunny
540,2002-06-05,600,Matthews Riffle,"102, 104, 105",NA,NA,sunny
541,2002-06-05,600,Hatchery Ditch,26,NA,NA,sunny
542,2002-06-04,600,Hatchery Riffle,1-22,NA,55,sunny
542,2002-06-04,600,Auditorium Riffle,1-22,NA,55,sunny
543,2001-03-07,600,Aleck Riffle,"119, 120, 121A",NA,NA,precipitation
544,2001-03-07,600,Robinson Riffle,"169,170,171,173,174,175",NA,NA,precipitation
545,2001-03-07,600,Steep Riffle,"185, 189",NA,NA,precipitation
2,2007-06-27,NA,NA,NA,NA,NA,NA
4,2007-07-17,NA,NA,NA,NA,NA,NA
5,2007-07-18,NA,NA,NA,NA,NA,NA
6,2007-07-19,NA,NA,NA,NA,NA,NA
7,2007-08-13,NA,NA,NA,NA,NA,NA
8,2007-08-14,NA,NA,NA,NA,NA,NA
9,2007-08-15,NA,NA,NA,NA,NA,NA
10,2007-08-16,NA,NA,NA,NA,NA,NA
13,2005-06-21,NA,NA,NA,NA,NA,NA
14,2005-07-12,NA,NA,NA,NA,NA,NA
16,2005-08-09,NA,NA,NA,NA,NA,NA
18,2005-04-21,NA,NA,NA,NA,NA,NA
19,2005-04-19,NA,NA,NA,NA,NA,NA
20,2005-04-14,NA,NA,NA,NA,NA,NA
22,2005-04-12,NA,NA,NA,NA,NA,NA
24,2004-08-19,NA,NA,NA,NA,NA,NA
25,2004-08-18,NA,NA,NA,NA,NA,NA
26,2004-08-17,NA,NA,NA,NA,NA,NA
27,2004-08-16,NA,NA,NA,NA,NA,NA
29,2004-07-22,NA,NA,NA,NA,NA,NA
31,2004-07-15,NA,NA,NA,NA,NA,NA
32,2004-07-13,NA,NA,NA,NA,NA,NA
35,2004-05-25,NA,NA,NA,NA,NA,NA
36,2004-05-19,NA,NA,NA,NA,NA,NA
37,2004-05-03,NA,NA,NA,NA,NA,NA
38,2004-04-29,NA,NA,NA,NA,NA,NA
40,2004-04-26,NA,NA,NA,NA,NA,NA
45,2010-08-10,620,NA,NA,0,62.8,sunny
46,2010-08-11,620,NA,NA,0,64.8,sunny
48,2010-08-17,620,NA,NA,0,65.2,sunny
49,2010-08-19,620,NA,NA,0,60,sunny
52,2010-09-15,620,NA,NA,0,58,sunny
53,2010-09-16,620,NA,NA,0,58,clear
55,2011-04-19,620,NA,NA,0,0,cloudy
56,2011-04-20,620,NA,NA,0.78,0,cloudy
11,2005-05-25,NA,NA,NA,NA,NA,NA
21,2005-04-13,NA,NA,NA,NA,NA,NA
30,2004-07-20,NA,NA,NA,NA,NA,NA
58,2011-04-25,620,NA,NA,0.92,11,cloudy
59,2011-05-02,620,NA,NA,2.85,12,sunny
61,2011-05-04,620,NA,NA,0.42,13,clear
62,2011-05-09,620,NA,NA,0,12,clear
63,2011-05-10,620,NA,NA,0.03,12,clear
65,2011-06-28,620,NA,NA,0.48,58,precipitation
66,2011-06-29,620,NA,NA,0.04,59,cloudy
68,2011-07-18,600,NA,NA,0.49,15,clear
69,2011-07-19,620,NA,NA,0.65,14.5,clear
70,2011-07-20,600,NA,NA,0,16,clear
72,2011-08-15,620,NA,NA,1.05,61,clear
73,2011-08-16,620,NA,NA,0.55,18,sunny
74,2011-08-17,620,NA,NA,0.97,18,sunny
77,2011-08-23,1350,NA,NA,4.18,21,sunny
78,2012-05-02,620,NA,NA,1.1,13,sunny
80,2012-05-03,600,NA,NA,0.67,53.6,cloudy
81,2012-05-07,620,NA,NA,1.16,60,sunny
82,2012-05-08,600,NA,NA,1.1,60.8,cloudy
83,2012-05-10,620,NA,NA,0,56.3,windy
84,2012-05-14,2000,NA,NA,2.55,62.6,clear
86,2012-06-13,620,NA,NA,0,55.4,sunny
87,2012-06-19,5000,NA,NA,1.6,57.2,sunny
88,2012-06-21,5000,NA,NA,2.18,59.9,clear
89,2012-07-03,7000,NA,NA,3.19,19,sunny
91,2012-07-11,1000,NA,NA,0.93,15,sunny
92,2012-07-11,1000,NA,NA,0.93,15,sunny
93,2012-07-12,1000,NA,NA,1.26,14.5,sunny
313,2018-02-14,1000,Eye Riffle,215A 215B 216 217 210,0,48.2,clear
316,2018-02-15,1750,G95,323A 323B,0,49.1,clear and windy
317,2018-03-19,800,Hatchery Riffle,19 23 24 25,0.8,47.6,clear
320,2018-03-20,1050,McFarland,450,0,50.9,precipitation
322,2018-03-28,800,Bedrock Park Riffle,55 56,0.3,48.2,clear
323,2018-03-28,800,Aleck Riffle,119,0,66.2,clear
324,2018-03-29,NA,Vance Riffle,268,0.75,56.3,clear
327,2018-04-10,3250,Hatchery Riffle,28,0,50,cloudy
328,2018-04-12,2500,Gateway Riffle,225 228 221 229,1,48.2,clear
329,2018-04-12,5000,Vance Riffle,268,1,51.8,clear
330,2018-04-16,5000,Junkyard Riffle,499 502,0,50,NA
333,2018-04-17,1300,Steep Riffle,189 185,0,49.46,clear
334,2018-04-17,1300,Eye Riffle,215A 215B 217 216 210,0,50.9,clear
332,2018-04-16,5000,Big Riffle,426 424,0,0,cloudy
335,2018-04-17,0,G95,323A 323B,0,53.6,clear
336,2018-04-18,0,Trailer Park Riffle,96 97 98,0,0,cloudy
337,2018-04-18,0,Robinson Riffle,169-175,0,0,cloudy
338,2018-04-18,0,Matthews Riffle,103 104 105,0,0,cloudy
339,2018-05-07,0,Junkyard Riffle,499 502,1.5,64.4,clear
340,2018-05-07,0,Gridley Riffle,486 487,2,66.2,clear
341,2018-05-07,0,McFarland,450,2,61.1,clear
342,2018-05-07,0,Big Riffle,426 424,2,62.6,clear
343,2018-05-08,750,Robinson Riffle,173 174 175 170 169 171,0,54.9,clear
344,2018-05-08,750,Aleck Riffle,120 119,0,55.4,clear
345,2018-05-08,750,Matthews Riffle,103 104 105,0,55.4,clear
346,2018-05-08,750,Trailer Park Riffle,96 97 98,0,55.4,clear
347,2018-05-09,1050,Kiester Riffle,402 403 397,2,59,clear
348,2018-05-09,1050,Goose Riffle,408,2,60.8,clear
349,2018-05-09,1050,G95,323A 323B,2,60.8,clear
350,2018-05-10,0,Steep Riffle,185 189,NA,54.5,clear
352,2018-05-10,800,Gateway Riffle,221 225 226 228 229,0,0,cloudy
354,2018-05-14,800,Hatchery Riffle,33 26 28,0,0,clear
355,2018-05-15,800,Auditorium Riffle,29 30 31 32,1,53.6,clear
356,2018-05-15,800,Bedrock Park Riffle,55 56,1,55.4,clear
357,2018-05-16,1050,Vance Riffle,266 268,2,59,NA
358,2018-06-12,0,Junkyard Riffle,502 499,0,68,clear
331,2018-04-16,5000,Gridley Riffle,486 487,0,68,cloudy
359,2018-06-12,0,Gridley Riffle,486 487,0,71.6,clear
360,2018-06-12,0,McFarland,450,0,69.8,clear
361,2018-06-12,0,Big Riffle,424 426,0,68.9,clear
362,2018-06-12,1650,Goose Riffle,408,0,70.7,clear
363,2018-06-13,1650,Kiester Riffle,397 402 403,1,68.9,clear
364,2018-06-13,1650,G95,323A 323B,0,68,clear
365,2018-06-13,1650,Vance Riffle,266 268,0,68,clear
369,2018-06-14,1400,Matthews Riffle,103 104 105,1,60.8,clear
371,2018-06-18,1450,Hatchery Riffle,19 23 24 25,0,60.8,clear
372,2018-06-18,1450,Auditorium Riffle,30 31 32 29,0,60.8,clear
373,2018-06-18,1450,Hatchery Ditch,26 33,0,61.7,clear
374,2018-06-18,1450,Hatchery Ditch,28,0,61.5,clear
375,2018-06-18,1400,Bedrock Park Riffle,55 56,2,61.5,clear
376,2018-06-19,1450,Steep Riffle,185 189,0,62.6,clear
377,2018-06-19,1450,Eye Riffle,"215 A,B 216 210 217",1.5,64.4,clear
378,2018-07-17,4500,Junkyard Riffle,499,0,68,clear
379,2018-07-17,4500,Gridley Riffle,486 487,0,68,clear
380,2018-07-17,4500,McFarland,450,0,68,clear
381,2018-07-17,4500,Big Riffle,424 426,1.2,68.9,NA
382,2018-07-18,4500,Kiester Riffle,403 397 402,1.2,68,NA
383,2018-07-18,4500,Goose Riffle,408,1.2,68,NA
302,2018-02-12,1000,Hatchery Riffle,19 23 24 25,1.5,47.48,clear
303,2018-02-12,1000,Bedrock Park Riffle,55 56,1.5,47.3,clear
304,2018-02-13,1000,Trailer Park Riffle,96 97 98,0,47.48,clear
305,2018-02-13,1000,Matthews Riffle,103 104 105,0,48.2,clear
311,2018-02-13,1000,Aleck Riffle,119 120,0,48.56,clear
15,2005-07-13,NA,NA,NA,NA,NA,NA
33,2004-05-27,NA,NA,NA,NA,NA,NA
51,2010-09-14,620,NA,NA,0,64,clear
64,2011-05-11,620,NA,NA,0,13,cloudy
75,2011-08-18,820,NA,NA,2.52,17,sunny
97,2012-08-09,1120,NA,NA,0.88,14.5,clear
105,2013-08-12,5500,NA,NA,0,0,sunny
159,2015-08-24,1500,Gridley Riffle,"486,487",0,66.2,clear
195,2016-04-26,1050,Big Riffle,424 426,0,55.4,sunny
213,2016-05-19,4500,Goose Riffle,408,0,60.8,clear
236,2016-07-26,4000,Hatchery Ditch,33 26 28,0,59,clear
245,2016-08-22,1600,Auditorium Riffle,29 30 31 32,0,59.9,clear
266,2017-07-18,0,G95,323A 323B,0,64.4,clear
288,2017-08-08,0,Aleck Riffle,119 120,0,60.8,clear
384,2018-07-18,4500,G95,323A 323B,1.4,68.9,NA
386,2018-07-19,1400,Gateway Riffle,"221,225,226,228,229",0,62.6,clear
387,2018-07-19,1400,Eye Riffle,"210, 217, 216, 215A, 215B,",0,62.6,clear
388,2018-07-19,1400,Steep Riffle,"185, 189",3,0,NA
94,2012-07-16,1000,NA,NA,1.4,0,sunny
95,2012-07-17,1000,NA,NA,1.53,16,cloudy
96,2012-08-07,1120,NA,NA,2.15,16.2,sunny
98,2012-08-13,1120,NA,NA,1.75,16,sunny
100,2012-08-15,5500,NA,NA,1.87,18,clear
101,2013-07-16,2500,NA,NA,0,60,sunny
102,2013-07-16,2500,NA,NA,0,60,sunny
104,2013-07-23,5500,NA,NA,0,64,NA
106,NA,0,NA,NA,0,62,NA
107,2013-08-13,2500,NA,NA,0,0,NA
109,2015-07-27,1898,Hatchery Ditch,"33, 26",0,60.3,clear
149,2015-08-19,1100,Steep Riffle,"185,189",0,61.2,clear
151,2015-08-19,1100,Gateway Riffle,"221,225,226,228,229",0,62.6,clear
153,2015-08-20,1500,G95,"323A,323B",0,65.3,NA
154,2015-08-20,1500,Kiester Riffle,"397,402,403",0,66.2,NA
155,2015-08-20,1500,Goose Riffle,408,0,67.1,NA
156,2015-08-24,1500,Big Riffle,"424,426",0,64.4,clear
157,2015-08-24,1500,McFarland,"441,445",0,65.3,clear
161,2015-09-08,830,Hatchery Riffle,"19,23,24,25",0,58.1,clear
162,2015-09-08,835,Auditorium Riffle,"29,30,31,32",0,56.3,clear
163,2015-09-08,830,Hatchery Ditch,"26,33,28",0,56.3,clear
164,2015-09-09,800,Bedrock Park Riffle,"55,56",0,56.3,clear
165,2015-09-09,800,Trailer Park Riffle,"96,97,98",0,57.2,clear
166,2015-09-09,800,Aleck Riffle,"119,120",0,58.1,clear
167,2015-09-09,800,Matthews Riffle,"103,104,105",0,57.6,clear
168,2015-09-10,800,Robinson Riffle,NA,0,56.3,clear
170,2015-09-10,800,Eye Riffle,"215A, 215B, 216, 217, 210",0,59.9,clear
171,2015-09-14,800,Gateway Riffle,"226, 228, 229, 221, 225",0,54.5,cloudy
172,2015-09-14,1200,Vance Riffle,"266, 268",0,59,precipitation
173,2015-09-14,1200,G95,"323A, 323B",0,59.9,cloudy
174,2015-09-14,1200,Kiester Riffle,"397, 402, 403",0,60.4,NA
176,2015-09-15,1200,Big Riffle,"424, 426",0,59.9,cloudy
71,2011-07-28,1950,NA,NA,0,20,clear
178,2015-09-15,1200,McFarland,450,0,59.9,cloudy
179,2015-09-15,1200,Junkyard Riffle,"502, 499",0,61,NA
180,2016-04-18,0,Hatchery Riffle,19 23 24 25,0,53.6,clear
181,2016-04-18,0,Auditorium Riffle,29 30 31 32,0,53.6,clear
182,2016-04-18,0,Hatchery Ditch,33 26 28,0,53.6,clear
184,2016-04-19,0,Trailer Park Riffle,96 97 98,0,53.6,clear
185,2016-04-19,0,Matthews Riffle,103 104 105,0,56.7,clear
186,2016-04-19,0,Aleck Riffle,119 120,0,55.4,clear
187,2016-04-19,0,Robinson Riffle,171 170 169 174 175 173,0,57.2,clear
188,2016-04-20,800,Steep Riffle,189 185,0,55.4,sunny
189,2016-04-20,800,Eye Riffle,210 215A 215B 216 217,0,55.4,sunny
190,2016-04-20,800,Gateway Riffle,221 225 226 228 229,0,56.3,clear
192,2016-04-21,0,G95,323A 323B,0,60.8,clear
193,2016-04-21,1070,Kiester Riffle,402 397 403,0,59.9,clear
194,2016-04-21,1070,Goose Riffle,408,0,61.7,clear
196,2016-04-26,0,McFarland,441 445,0,55.4,clear
198,2016-04-26,1050,Junkyard Riffle,499 502,0,56.3,cloudy
199,2016-05-16,1700,Hatchery Riffle,23 24 25,0,50.9,clear
200,2016-05-16,1700,Auditorium Riffle,29 30 31 32,0,50.9,clear
201,2016-05-16,1700,Hatchery Ditch,26 28 33,0,51.3,clear
76,2011-08-22,1350,NA,NA,2.93,20,NA
203,2016-05-17,1700,Trailer Park Riffle,96 97 98,0,50.9,clear
204,2016-05-17,1700,Matthews Riffle,103 104 105,0,51.8,clear
205,2016-05-17,1700,Aleck Riffle,119 120,0,52.7,clear
206,2016-05-17,1700,Robinson Riffle,169 170 171 173 174 175,0,54.5,clear
207,2016-05-18,1700,Steep Riffle,189,0,51.8,clear
209,2016-05-18,1700,Gateway Riffle,221 226 228 229,0,53.6,clear
210,2016-05-18,4500,Vance Riffle,266 268,0,62.6,clear
212,2016-05-19,4500,Kiester Riffle,397 402 403,0,60.8,clear
214,2016-05-19,4500,Big Riffle,424 426,0,60.8,clear
215,2016-05-19,4500,McFarland,441 445,0,61.7,clear
216,2016-05-26,3200,McFarland,450,0,59.9,clear
217,2016-05-26,3250,Gridley Riffle,486 487,0,59.9,clear
218,2016-05-26,3250,Junkyard Riffle,499 502,0,58.5,clear
220,2016-06-22,5500,G95,323A/B,0,58.8,clear
221,2016-06-22,5500,Kiester Riffle,397 403 402,0,59,clear
222,2016-06-22,5500,Goose Riffle,408,0,59.9,clear
223,2016-06-22,5500,Big Riffle,424 426,0,59.9,clear
224,2016-06-22,5500,McFarland,441 445,0,60.8,clear
226,2016-06-23,5500,Gridley Riffle,486 487,0,59.9,clear
227,2016-06-23,5500,Junkyard Riffle,499 502,0,60.8,clear
228,2016-07-18,0,Gridley Riffle,HGSC,0,63.5,clear
229,2016-07-18,0,Herringer Pond Rl,HPRL,0,63.9,clear
235,2016-07-26,4000,Auditorium Riffle,29 31,0,59,clear
237,2016-07-26,4000,Bedrock Park Riffle,55 56,0,59.9,clear
238,2016-07-26,4000,Trailer Park Riffle,97 98,0,59.9,clear
239,2016-07-27,4000,Robinson Riffle,170 174,0,62.6,clear
240,2016-07-27,4000,Gateway Riffle,226,0,62.6,clear
246,2016-08-22,0,Hatchery Ditch,33 26,0,14.8,clear
247,2016-08-22,0,Hatchery Ditch,28,0,59,clear
248,2016-08-22,1600,Bedrock Park Riffle,55 56,0,59.9,clear
249,2016-08-23,1600,Trailer Park Riffle,96 97 98,0,59,clear
251,2016-08-23,0,Aleck Riffle,119 120,0,62.6,clear
252,2016-08-24,0,Robinson Riffle,169 170 171 173 174 175,0,59,clear
253,2016-08-24,0,Steep Riffle,185 189,0,60.8,NA
254,2016-08-24,0,Eye Riffle,210 217 216 215A 215B,0,62.6,clear
255,2016-08-25,1600,Gateway Riffle,226 228 229 221,0,59.9,clear
79,2012-05-02,620,NA,NA,1.1,13,clear
318,2018-03-19,800,Hatchery Riffle,33 26,0,46.4,clear
389,2018-07-23,1400,Robinson Riffle,"169, 170, 171, 173, 174, 175",0,59,clear
390,2018-07-23,1400,Aleck Riffle,119 120,3,59.9,clear
391,2018-07-23,1400,Matthews Riffle,"103,104, 105",3,61.7,clear
392,2018-07-23,1400,Trailer Park Riffle,"96, 97, 98",2.5,61.7,clear
393,2018-07-24,1400,Hatchery Riffle,19 23 24 25,0,60.35,clear
394,2018-07-24,1400,Auditorium Riffle,29 30 31 32,0,0,clear
395,2018-07-24,1400,Hatchery Ditch,33 26 28,0,62.6,clear
396,2018-07-24,1400,Bedrock Park Riffle,55 56,3,60.8,clear
397,2018-08-14,6000,Junkyard Riffle,499,0,66.2,clear
398,2018-08-14,6020,Gridley Riffle,486 487,0,65.3,clear
399,2018-08-14,6020,McFarland,450,0,65.3,clear
400,2018-08-14,6000,Big Riffle,424 426,0,65.3,clear
401,2018-08-15,1200,Steep Riffle,185 189,0,59.9,clear
402,2018-08-15,1200,Eye Riffle,215A 215B 216 217 210,0,60.8,clear
403,2018-08-15,1200,Gateway Riffle,228 221 225 226 228,0,62.6,clear
404,2018-08-20,1200,Robinson Riffle,169 170 171 173 175 175,1.5,57.2,clear
405,2018-08-20,1200,Aleck Riffle,119 120,0,59,clear
406,2018-08-20,1200,Matthews Riffle,103 104 105,0,59,clear
407,2018-08-20,1200,Trailer Park Riffle,96 97 98,0,0,clear
408,2018-08-20,1200,Bedrock Park Riffle,55 56,0,59.9,clear
409,2018-08-21,6000,Vance Riffle,260,0,62.6,NA
410,2018-08-21,6020,G95,323A 323B,0,64.4,clear
411,2018-08-21,6000,Kiester Riffle,402,1.5,64.4,clear
412,2018-08-21,6000,Goose Riffle,408,1.5,64.4,clear
256,2016-08-25,0,Hatchery Riffle,All,0,62.6,clear
257,2016-08-25,1300,Bedrock Park Riffle,55 56,0,63.5,clear
258,2016-08-29,6600,Gridley Riffle,HGSC,0,65.3,NA
259,2016-08-29,0,Big Riffle,BRB,0,65.3,NA
260,2016-09-01,6300,Goose Riffle,408,0,63.5,clear
262,2017-07-17,0,Steep Riffle,"185, 189",0,62.6,clear
263,2017-07-17,0,Eye Riffle,"215A, 215B, 216, 217",0,64.4,clear
264,2017-07-17,0,Gateway Riffle,"221, 225, 226, 228, 229",0,64.4,clear
265,2017-07-17,0,Vance Riffle,266 268,0,68,clear
267,2017-07-18,0,Kiester Riffle,402 403 397,0,68,clear
269,2017-07-18,0,Big Riffle,424 426,0,68,clear
270,2017-07-20,0,Hatchery Riffle,19 23 24 25,0,62.6,clear
271,2017-07-20,0,Auditorium Riffle,29-32,0,62.6,clear
272,2017-07-20,0,Hatchery Ditch,33 26 28,0,60.8,clear
273,2017-07-24,0,Bedrock Park Riffle,55 56,0,59,clear
275,2017-07-24,0,Matthews Riffle,105 104 103,0,60.8,clear
276,2017-07-24,0,Aleck Riffle,119 120,0,61.7,clear
277,2017-07-24,0,Robinson Riffle,169 170 173 174 175,0,64.4,clear
278,2017-07-25,0,McFarland,441 445,0,67.1,clear
279,2017-07-25,0,McFarland,450,0,68,clear
281,2017-07-25,0,Junkyard Riffle,499 502,0,69.8,clear
282,2017-08-07,0,Hatchery Riffle,19 23-25,0,59.9,clear
283,2017-08-07,0,Auditorium Riffle,29-32,0,59.9,clear
250,2016-08-23,0,Matthews Riffle,103-105,0,62.6,clear
284,2017-08-07,0,Hatchery Ditch,33 28,1.5,67.1,clear
285,2017-08-07,0,Bedrock Park Riffle,55 56,0,60.8,clear
286,2017-08-08,0,Trailer Park Riffle,96 97 98,0,58.1,clear
289,2017-08-08,0,Robinson Riffle,173 174 175 171 170169,1.3,60.8,clear
290,2017-08-09,0,Steep Riffle,185 189,0,59,clear
291,2017-08-09,0,Eye Riffle,215A 215B 216 217 210,0,60.8,clear
292,2017-08-09,0,Gateway Riffle,221 225 226 228 229,0,61.7,clear
293,2017-08-09,0,Vance Riffle,268,0,66.2,clear
294,2017-08-10,0,G95,323B,0.9,63.5,clear
295,2017-08-10,0,Kiester Riffle,403,1.1,66.2,clear
297,2017-08-10,0,Big Riffle,424,0,66.2,clear
298,2017-08-14,0,Gridley Riffle,486 487,1.3,65.3,clear
299,2017-08-14,0,Junkyard Riffle,499 502,0,65.3,clear
300,2018-02-12,1000,Hatchery Ditch,33 26,2,47.6,clear
301,2018-02-12,1000,Hatchery Ditch,28,1.5,46.4,clear
1,2007-06-27,NA,NA,NA,NA,NA,NA
3,2007-07-16,NA,NA,"26,33,30,31,31a,32,32a",NA,NA,clear
12,2005-05-26,NA,NA,NA,NA,NA,NA
17,2005-05-23,NA,NA,NA,NA,NA,NA
23,2004-08-24,NA,NA,NA,NA,NA,NA
28,2004-08-12,NA,NA,NA,NA,NA,NA
34,2004-05-26,NA,NA,NA,NA,NA,NA
39,2004-04-28,NA,NA,NA,NA,NA,NA
202,2016-05-16,1700,Bedrock Park Riffle,55 56,0,53.6,clear
121,2015-07-30,0,Gateway Riffle,"221,225,226,228,229",0,61.3,clear
41,2004-04-21,NA,NA,NA,NA,NA,NA
47,2010-08-16,620,NA,NA,0,61,clear
50,2010-09-13,620,NA,NA,0,56,sunny
54,2011-04-19,620,NA,NA,0,0,cloudy
57,2011-04-26,620,NA,NA,1.68,10.5,sunny
60,2011-05-03,620,NA,NA,2.56,12.5,sunny
67,2011-06-30,620,NA,NA,0.33,15,sunny
85,2012-06-07,0,NA,NA,2.5,59,clear
90,2012-07-11,1000,NA,NA,0.93,15,sunny
99,2012-08-14,5500,NA,NA,1.08,18,NA
103,2013-07-16,2500,NA,NA,0,60,sunny
152,2015-08-20,1500,Vance Riffle,"266,268",0,63.5,NA
160,2015-08-24,1500,Junkyard Riffle,"499,502",0,68,clear
169,2015-09-10,800,Steep Riffle,"189,185",0,58.8,clear
175,2015-09-14,1200,Goose Riffle,408,0,60.8,cloudy
177,2015-09-15,1200,McFarland,"441, 445",0,60.4,cloudy
183,2016-04-18,0,Bedrock Park Riffle,55 56,0,57.2,clear
191,2016-04-20,0,Vance Riffle,266 268,0,59,clear
197,2016-04-26,0,McFarland,450,0,55.4,clear
211,2016-05-18,4500,G95,323A/B,0,62.6,clear
219,2016-06-22,5500,Vance Riffle,266 268,0,57.2,clear
225,2016-06-23,5500,McFarland,450,0,59,clear
234,2016-07-26,4000,Hatchery Riffle,23 24,0,59,clear
244,2016-08-22,1600,Hatchery Riffle,23 24 25,0,59.9,clear
122,2015-07-30,0,G95,323A/B,0,65.3,clear
261,2016-09-01,6300,G95,323A 323B,0,64,clear
268,2017-07-18,0,Goose Riffle,408,0,66.2,clear
274,2017-07-24,0,Trailer Park Riffle,96 97 98,0,59.9,clear
280,2017-07-25,0,Gridley Riffle,487 486,0,68.9,clear
287,2017-08-08,0,Matthews Riffle,103 104 105,0,59,clear
296,2017-08-10,0,Goose Riffle,408,0,62.6,clear
413,2018-08-22,0,Hatchery Riffle,19 23-25,2.2,59,clear
415,2018-08-22,1200,Hatchery Ditch,26 33 28,0,59.9,clear
416,2018-09-11,800,Robinson Riffle,169-171 173-175,1.8,56.3,clear
418,2018-09-11,800,Trailer Park Riffle,96 97 98,0,58.1,clear
420,2018-09-12,6000,Junkyard Riffle,499,0,60.8,NA
421,2018-09-12,6000,Gridley Riffle,486 487,NA,60.8,NA
426,2018-09-17,800,Gateway Riffle,221 225 226 228 229,0,54.5,clear
427,2018-09-17,800,Steep Riffle,189 185,0,54.5,clear
428,2018-09-17,800,Eye Riffle,215A 215B 216 210,0,55.4,clear
429,2018-09-17,6000,Vance Riffle,268,0,60.8,clear
430,2018-09-18,800,Hatchery Riffle,19 23 24 25,0,52.7,clear
123,2015-07-30,0,Kiester Riffle,"397,402,403",0,67.1,clear
431,2018-09-18,800,Auditorium Riffle,29 30 31 32,0,51.8,clear
432,2018-09-18,800,Hatchery Ditch,33 26 28,0,NA,clear
433,2019-03-20,1800,Aleck Riffle,119,2,0,cloudy
434,2019-03-20,0,Hatchery Ditch,26 33,0,0,precipitation
435,2019-03-21,8000,Junkyard Riffle,499,1,0,clear
436,2019-05-13,3500,Hatchery Ditch,26 33,0,51.3,clear
437,2019-05-13,3500,Hatchery Ditch,28,0,53.6,clear
440,2019-05-13,3500,Bedrock Park Riffle,"55, 56",0,53.6,clear
442,2019-05-14,3500,Matthews Riffle,"103, 104, 105",0,52.7,NA
443,2019-05-14,3500,Aleck Riffle,"119, 120",0,53.6,cloudy
444,2019-05-14,3500,Robinson Riffle,"169,170,171,173,174,175",0,53.6,NA
445,2019-05-15,3500,Gateway Riffle,"221, 225, 225, 228, 229",0,51.8,precipitation
446,2019-05-15,3500,Steep Riffle,"189, 185",0,51.8,precipitation
447,2019-05-15,3500,Eye Riffle,"210, 217, 215A, 216",0,51.8,precipitation
448,2019-05-16,0,Vance Riffle,268,0,55.4,precipitation
449,2019-05-16,7500,G95,323B,0,53.6,cloudy
450,2019-05-16,7500,Big Riffle,424,0,55.4,cloudy
124,2015-07-30,0,Goose Riffle,408,0,67.6,clear
454,2019-07-08,1400,Bedrock Park Riffle,"55,56",0,60.8,clear
455,2019-07-09,1220,Steep Riffle,"189,185",2,62.6,clear
456,2019-07-10,1200,Robinson Riffle,"169,170,171,173,174,175",0,60.8,clear
458,2019-07-10,1200,Matthews Riffle,"103,104,105",0,62.6,clear
459,2019-07-10,1200,Trailer Park Riffle,"96,97,98",0,60.8,clear
460,2019-07-15,5300,Vance Riffle,"266,268",0,64.4,clear
461,2019-07-15,5300,G95,"323A, 323B",0,NA,clear
463,2019-07-16,1800,Eye Riffle,"210,217,216,215A,215B",0,59.9,clear
464,2019-07-16,1800,Gateway Riffle,"225,2228,229,221",0,60.8,clear
465,2019-07-16,5300,Junkyard Riffle,"499,502",0,68,clear
467,2019-07-17,5800,McFarland,441,0,66.56,clear
468,2019-07-17,5300,Big Riffle,"426,424",0,66.2,clear
469,2019-07-18,5300,Goose Riffle,408,0,66.2,NA
471,2019-08-06,4850,Hatchery Ditch,33,3,60.8,clear
473,2019-08-07,4620,Auditorium Riffle,"30,31,29",0,60.8,clear
474,2019-08-07,4620,Hatchery Riffle,"23,24",0,60.8,clear
475,2019-08-07,0,Hatchery Ditch,"33,26,28",3,61.7,clear
476,2019-08-08,0,Trailer Park Riffle,"98,97",4,60.8,clear
477,2019-08-08,4100,Matthews Riffle,"103,104,105",4,60.8,clear
478,2019-08-08,4100,Robinson Riffle,"171,173,174,175",4,61.7,clear
145,2015-08-18,1100,Trailer Park Riffle,96-98,0,59.9,clear
480,2019-08-09,0,Steep Riffle,"185,189",0,58.1,clear
482,2019-08-12,7600,Vance Riffle,268,0,62.6,clear
485,2019-08-12,7600,Gridley Riffle,"486,487",3,64.4,clear
486,2019-08-13,7500,Junkyard Riffle,"499,502",0,62.6,clear
487,2019-08-13,7500,Big Riffle,"424,426",0,66.2,clear
489,2020-02-24,800,Auditorium Riffle,29-31,0,10,clear
490,2020-02-24,0,Hatchery Ditch,"33,26,28",0,10.5,clear
491,2020-02-25,800,Bedrock Park Riffle,55 56,0,10,clear
492,2020-02-25,830,Trailer Park Riffle,96 97 98,0,10,clear
493,2020-02-25,830,Aleck Riffle,119 120,0,10.5,clear
494,2020-02-25,0,Robinson Riffle,169-175,0,11,clear
495,2020-02-26,830,Eye Riffle,210 215A/B 216,0,11,clear
496,2020-02-26,830,Steep Riffle,189 185,0,11,clear
497,2020-02-26,830,Matthews Riffle,103 104 105,0,10,clear
498,2020-02-27,830,Gateway Riffle,221 225 226 228 229,0,10.75,clear
499,2020-02-27,0,G95,323A/B,0,12,clear
500,2020-02-27,2280,Kiester Riffle,403 397 402,0,0,clear
501,2020-02-27,2200,Goose Riffle,408,0,13,clear
502,2020-02-27,2200,Vance Riffle,266 268,0,12.5,clear
503,2020-02-28,2200,Junkyard Riffle,502 499,0,12.5,clear
504,2020-02-28,2200,Gridley Riffle,487 486,0,12,clear
125,2015-08-03,0,Big Riffle,"424,426",0,66.2,clear
505,2020-02-28,2200,McFarland,450,0,12.5,clear
506,2020-02-28,2200,Big Riffle,424 426,0,12.5,clear
508,2020-06-19,1100,Bedrock Park Riffle,55 56,NA,15.5,clear
509,2020-06-19,1100,Hatchery Riffle,19 23 24 25,0,15.3,clear
510,2020-06-19,1100,Auditorium Riffle,30 31 32 29,0,15.3,clear
511,2020-06-23,1240,Trailer Park Riffle,96 97 98,0,15.3,clear
512,2020-06-23,1240,Matthews Riffle,103 104 105,0,15.5,clear
513,2020-06-23,1240,Aleck Riffle,NA,0,16,clear
514,2020-06-23,1240,Robinson Riffle,169 170 171 173 174 175,0,17.5,clear
515,2020-06-24,1240,Gateway Riffle,221 225 226 228 229,0,16.5,clear
517,2020-06-24,1240,Eye Riffle,210 216 215A/B,0,18.5,clear
518,2020-06-26,3310,Vance Riffle,266 268,0,19.5,clear
519,2020-06-26,3310,G95,323A/B,0,19,clear and hot
520,2020-06-26,3310,Kiester Riffle,397 402 403,0,21,clear
521,2020-06-26,3300,Goose Riffle,408,0,20,clear
522,2020-06-26,3310,Big Riffle,424 426,0,20,clear and hot
525,2020-06-30,4250,Gridley Riffle,486 487,0,20.5,clear
526,2020-06-30,4400,McFarland,450,0,21,clear
527,2020-07-20,1250,Hatchery Riffle,NA,0,11.5,clear
528,2020-07-20,1250,Auditorium Riffle,29 30 31 32,0,16.5,clear
529,2020-07-20,1450,Hatchery Ditch,33 26 28,0,18,clear
530,2020-07-20,0,Bedrock Park Riffle,55 56,0,19,clear
126,2015-08-03,0,McFarland,"441,445",0,66.2,clear
531,2020-07-21,1250,Trailer Park Riffle,96 97 98,0,14,clear
532,2020-07-21,1100,Matthews Riffle,103 104 105,0,15,clear
533,2020-07-21,1100,Aleck Riffle,119 120,0,15,clear
534,2020-07-21,1100,Robinson Riffle,173 169 170 175,0,16.5,clear
535,2020-07-22,950,Gateway Riffle,221 226 225 228 229,0,16,clear
536,2020-07-22,950,Eye Riffle,215A/B 216 210,0,15.8,clear
537,2020-07-22,950,Steep Riffle,185 189,0,17,clear
539,2020-07-23,3010,G95,323A/B,0,18,clear
540,2020-07-23,3010,Kiester Riffle,402 397 402,0,20,clear
541,2020-07-23,3010,Goose Riffle,408,0,20,clear
542,2020-07-23,3010,Big Riffle,424 426,0,20,clear
543,2020-07-24,3010,Junkyard Riffle,502 499,0,19.5,clear
544,2020-07-23,3003,Gridley Riffle,486 487,0,19,clear
545,2020-07-24,3003,McFarland,450,0,19,clear
546,2020-08-10,1550,Hatchery Ditch,33 26 28,0,15,clear and hot
547,2020-08-10,1550,Hatchery Riffle,19 23 24 25,0,14,clear
548,2020-08-10,1550,Auditorium Riffle,29 30 31 32,0,14.5,clear
549,2020-08-10,1550,Bedrock Park Riffle,55 56,0,15,clear
550,2020-08-11,1550,Trailer Park Riffle,96 97 98,NA,15,clear and hot
551,2020-08-11,1550,Matthews Riffle,103 104 105,0,15,clear and hot
552,2020-08-11,1550,Aleck Riffle,119 120,0,15.5,clear and hot
553,2020-08-11,1550,Robinson Riffle,175 171 170 174,0,16,clear
554,2020-08-12,1550,Gateway Riffle,221 225 226 228 229,0,15.5,clear
555,2020-08-12,1550,Eye Riffle,215A 215B 216 210 217,0,16,clear
146,2015-08-18,1100,Aleck Riffle,"119,120",0,60.8,clear
556,2020-08-12,1550,Steep Riffle,189 185,0,16.5,clear
557,2020-08-13,0,Vance Riffle,266 268,0,17,clear
558,2020-08-13,2335,G95,323A 323B,0,17,clear
559,2020-08-13,2335,Kiester Riffle,397 402 403,0,19,clear
560,2020-08-13,2335,Goose Riffle,408,0,19,clear
561,2020-08-14,2300,Junkyard Riffle,499 502,0,19,clear
562,2020-08-14,NA,Gridley Riffle,486 487,0,18,clear
563,2020-08-14,2300,Big Riffle,424 426,0,18,clear
564,2020-08-14,0,McFarland,450,0,19,clear
565,2020-09-22,850,Hatchery Riffle,19 23 24 25,0,11,clear
566,2020-09-22,840,Auditorium Riffle,30 31 32 29,0,11.5,clear
567,2020-09-22,840,Hatchery Riffle,33 26 28,0,11,clear
568,2020-09-22,840,Bedrock Park Riffle,55 56,0,13,clear
569,2020-09-22,840,Trailer Park Riffle,97 98 96,0,13,clear
570,2020-09-23,800,Matthews Riffle,103 - 105,0,11,clear
571,2020-09-23,800,Aleck Riffle,119 120,0,11.5,clear
572,2020-09-23,800,Robinson Riffle,169 170 171 173 174 175,0,11.5,clear
573,2020-09-23,840,Steep Riffle,185 189,0,13,clear
574,2020-09-23,800,Eye Riffle,215 215A 215B 210 217,0,13,clear
575,2020-09-24,840,Gateway Riffle,221 225 229 226 228,0,13,clear
576,2020-09-24,2641,Vance Riffle,266 268,0,15,clear
577,2020-09-24,2641,Goose Riffle,408,0,16,clear
578,2020-09-24,2641,G95,323A 323B,0,15,clear
579,2020-09-24,2641,Kiester Riffle,402 403 397,0,16,clear
580,2020-09-25,2641,Junkyard Riffle,499 502,0,16,clear
581,2020-09-25,2641,Gridley Riffle,486 487,0,15.5,clear
127,2015-08-03,0,McFarland,450,0,67.1,clear
582,2020-09-25,2640,McFarland,450,0,15,clear
583,2020-09-25,2641,Big Riffle,424 426,0,16,clear
584,2021-03-24,800,Hatchery Riffle,26 33 28,0,50,NA
585,2021-03-24,800,Hatchery Riffle,19 23 24 25,0,10.5,NA
586,2021-03-24,800,Auditorium Riffle,29 30 31 32,0,10.5,NA
587,2021-03-25,800,Bedrock Park Riffle,55 56,0,11.5,clear
588,2021-03-25,800,Trailer Park Riffle,96 97 98,0,11.5,clear
589,2021-03-25,800,Matthews Riffle,103 104 105,0,12,clear
590,2021-03-25,800,Robinson Riffle,169 170 171 173 174 175,0,11.5,clear
591,2021-03-25,800,Aleck Riffle,119 120,0,11.5,clear
592,2021-03-26,800,Gateway Riffle,221 225 226 229 228,0,12,clear
593,2021-03-26,800,Steep Riffle,185 189,0,12,clear
594,2021-03-26,800,Eye Riffle,215A/B 216 210,0,13,clear
595,2021-03-29,1050,Vance Riffle,266 268,0,13.5,clear
596,2021-03-29,1050,G95,323A/B,0,13.5,clear
597,2021-03-29,1050,Kiester Riffle,397 402 403,0,14,clear
598,2021-03-29,1050,Goose Riffle,408,0,14.5,NA
599,2021-03-30,1050,Junkyard Riffle,499 502,0,14.5,NA
600,2021-03-30,NA,Gridley Riffle,486 487,0,16,NA
601,2021-03-30,0,McFarland,450,0,12.5,NA
602,2021-03-30,1050,Big Riffle,424 426,0,13.5,NA
603,2021-04-19,800,Robinson Riffle,169 170 171 173 174 175,0,14,clear
128,2015-08-03,0,Gridley Riffle,"486,487",0,67.1,clear
604,2021-04-19,800,Aleck Riffle,119 120,0,13.5,clear
605,2021-04-19,800,Matthews Riffle,103 104 105,0,14,clear
606,2021-04-19,800,Trailer Park Riffle,96 97 98,0,14,clear
607,2021-04-20,700,Hatchery Riffle,26 33,0,13,clear
608,2021-04-20,700,Hatchery Riffle,19 23 24 25,0,0,clear
609,2021-04-20,700,Auditorium Riffle,NA,0,13.5,clear
610,2021-04-20,700,Bedrock Park Riffle,55 56,0,15,clear
611,2021-04-26,810,Gateway Riffle,221 225 226 228 229,0,12,clear
613,2021-04-26,810,Eye Riffle,215A 215B 210,0,13,clear
614,2021-04-27,1000,Vance Riffle,266 268,0,14,clear
615,2021-04-27,0,G95,323A 323B,0,14,clear
616,2021-04-27,0,Big Riffle,NA,0,15,clear
618,2021-04-27,1000,Kiester Riffle,397 403 402,0,16,NA
619,2021-04-28,1000,Junkyard Riffle,502 499,0,16.5,clear
620,2021-04-28,1000,Gridley Riffle,486 487,0,17.5,clear
621,2021-04-28,1000,McFarland,450,0,15.5,clear
622,2021-05-18,650,Hatchery Riffle,19 23-25,0,13,clear
623,2021-05-18,650,Auditorium Riffle,29 30-32,0,13,clear
624,2021-05-18,650,Hatchery Ditch,28,0,13,clear
147,2015-08-18,1100,Robinson Riffle,"169-171,173-175",0,62.6,clear
627,2021-05-19,710,Aleck Riffle,19 20,0,12.75,clear
628,2021-05-19,710,Matthews Riffle,103 104 105,0,13,clear
629,2021-05-19,710,Trailer Park Riffle,96 97 98,0,14,clear
630,2021-05-21,710,Gateway Riffle,221 225 226 228 229,0,13.5,NA
632,2021-05-21,710,Steep Riffle,185 189,0,15,NA
634,2021-05-25,2500,G95,323A/B,0,18,clear
635,2021-05-25,2500,Kiester Riffle,397 402 403,0,18.5,clear
636,2021-05-25,2500,Goose Riffle,408,0,19,clear
637,2021-05-26,2110,Junkyard Riffle,502 499,0,18.5,cloudy
638,2021-05-26,2110,Gridley Riffle,NA,0,18.5,cloudy
639,2021-05-26,2110,McFarland,450,0,18.5,clear
640,2021-05-26,2110,Big Riffle,424 426,0,19.5,clear
643,2021-06-22,2750,Auditorium Riffle,29 30 31 32,0,16,clear
644,2021-06-22,2750,Bedrock Park Riffle,55 56,0,16.5,clear
646,2021-06-23,2400,Matthews Riffle,103 104 105,0,16,clear
647,2021-06-23,2400,Robinson Riffle,169-175,0,17,clear
648,2021-06-23,2400,Aleck Riffle,119 120,0,17,clear
649,2021-06-25,2750,Junkyard Riffle,502 499,0,18.5,clear
140,2015-08-03,0,Junkyard Riffle,"499,502",0,68,clear
651,2021-06-25,2750,McFarland,450,0,19.5,clear
652,2021-06-25,2750,Big Riffle,424 426,0,19.5,clear
653,2021-06-29,2160,Gateway Riffle,226 225 221 228 229,0,16.5,clear
654,2021-06-29,2160,Steep Riffle,185 189,0,16,clear
655,2021-06-29,2160,Eye Riffle,210 215A 215B 216,0,17,clear
656,2021-06-30,3010,Vance Riffle,268 266,0,17,clear
657,2021-06-30,3010,G95,323 A & B,0,17,clear
659,2021-06-30,3010,Goose Riffle,408,0,18.5,clear
660,2021-07-14,1550,Hatchery Riffle,19 23 24 25,0,16.5,clear
661,2021-07-14,1550,Auditorium Riffle,29-32,0,16.5,clear
663,2021-07-14,1550,Hatchery Ditch,28,0,16.5,clear
665,2021-07-15,2050,Trailer Park Riffle,96 97 98,0,16.5,clear
666,2021-07-15,2050,Matthews Riffle,103 104 105,0,17,clear
667,2021-07-15,2050,Aleck Riffle,119 120,0,17,clear
668,2021-07-15,2050,Robinson Riffle,169 170 171 173 174 175,0,17.5,clear
669,2021-07-16,2070,Gateway Riffle,221 225 226 228 229,0,17,clear
671,2021-07-16,2050,Steep Riffle,185 189,0,17.2,clear
672,2021-07-19,2990,Vance Riffle,266 268,2,17.5,NA
673,2021-07-19,2990,G95,NA,0,17.5,cloudy
141,2015-08-17,1100,Hatchery Riffle,"19,23-25",0,59.4,clear
674,2021-07-19,2050,Kiester Riffle,402 403,0,18,clear
675,2021-07-19,2050,Goose Riffle,408,0,18.5,clear
676,2021-07-19,2050,Big Riffle,424 426,2,19,clear
677,2021-07-20,2990,Junkyard Riffle,499 502,0,18,clear
678,2021-07-20,2990,Gridley Riffle,486 487,0,18.5,clear
680,2021-08-25,670,Hatchery Riffle,19 24 23 25,0,10,NA
681,2021-08-25,670,Auditorium Riffle,29 30 31 32,0,10,NA
682,2021-08-25,670,Hatchery Riffle,33 26,0,10,NA
684,2021-08-25,670,Bedrock Park Riffle,55 56,0,10.5,clear
686,2021-08-26,670,Matthews Riffle,104 105 103,0,10,clear
687,2021-08-26,650,Robinson Riffle,169 170 171 173 175 175,0,12,clear
688,2021-08-26,670,Aleck Riffle,119 120,0,11.7,clear
689,2021-08-27,0,Gateway Riffle,221 225 226 228 229,0,13,NA
690,2021-08-27,650,Steep Riffle,185 189,0,13,clear
691,2021-08-27,650,Eye Riffle,210 215A 215B 216 217,0,12.5,NA
692,2021-08-30,1320,Vance Riffle,266 268,0,14,NA
693,2021-08-30,1320,G95,323 A and B,0,14,NA
695,2021-08-30,1320,Goose Riffle,408,0,15.5,clear
148,2015-08-18,1100,Matthews Riffle,"103,104,105",0,64.4,clear
697,2021-08-31,1280,Gridley Riffle,486 487,0,21,clear
700,2021-09-13,680,Hatchery Riffle,19 23 24 25,0,11,clear
702,2021-09-13,600,Hatchery Riffle,28,0,0,clear
703,2021-09-13,0,Hatchery Riffle,26 33,0,0,clear
704,2021-09-13,680,Bedrock Park Riffle,55 56,0,0,clear
705,2021-09-14,680,Robinson Riffle,175 174 173 171 170 169,0,11.5,clear
706,2021-09-14,680,Aleck Riffle,119 120,0,11.5,clear
707,2021-09-14,680,Matthews Riffle,103 104 105,0,11.5,clear
708,2021-09-14,680,Trailer Park Riffle,96 97 98,0,11.5,clear
709,2021-09-15,600,Gateway Riffle,221 225 226 228 229,0,12,NA
710,2021-09-15,680,Eye Riffle,215A 215B 216 210 217,0,12,clear
711,2021-09-15,600,Steep Riffle,185 189,0,12,clear
712,2021-09-20,1290,Vance Riffle,268 266,0,15,NA
715,2021-09-20,1290,Kiester Riffle,397 402 403,0,17,clear
716,2021-09-21,1290,Junkyard Riffle,502 499,0,16,clear
718,2021-09-21,1290,McFarland,450,0,16,clear
142,2015-08-17,0,Auditorium Riffle,29-32,0,59,clear
720,2022-01-19,650,Bedrock Park Riffle,"55, 56",0.5,8.5,clear
721,2022-01-19,650,Trailer Park Riffle,"96, 97, 98",1,8.5,clear
722,2021-01-19,650,Matthews Riffle,"103, 104, 105",NA,9,clear
723,2022-01-19,650,Robinson Riffle,"169, 170, 171, 173, 174, 175",1,9,clear
724,2022-01-20,NA,Hatchery Ditch,"26, 33",1,6.5,clear
725,2022-01-20,0,Hatchery Riffle,"19, 23, 24, 25",1,8.5,clear
726,2022-01-20,0,Aleck Riffle,"119, 120",0,9.5,clear
727,2022-01-21,650,Gateway Riffle,"221, 225, 226, 228, 229",1,9,NA
728,2022-01-21,650,Eye Riffle,"210, 215A,B, 216",0,9,NA
729,2022-01-21,650,Steep Riffle,"189, 185",1,9,NA
730,2022-02-22,670,Hatchery Riffle,"19, 23, 24, 25",1.2,9,clear
731,2022-02-22,670,Auditorium Riffle,"29, 30, 31, 32",0,9,clear
732,2022-02-22,670,Hatchery Ditch,28,0,9.5,clear
733,2022-02-22,670,Hatchery Ditch,"26,33",0,0,clear
734,2022-02-22,670,Bedrock Park Riffle,"55, 56",0.5,10,cloudy
735,2022-02-23,670,Trailer Park Riffle,"96, 97, 98",1,9,clear
736,2022-02-23,670,Matthews Riffle,"103, 104, 105",0,0,clear
737,2022-02-23,650,Robinson Riffle,"169, 171, 173, 175",0.5,10,clear
739,2022-02-24,670,Eye Riffle,"210, 215A,B, 216",0.65,9,clear
740,2022-02-24,650,Steep Riffle,"185, 189",0.6,9,clear
741,2022-02-24,670,Gateway Riffle,"221, 225, 226, 228, 229",0.5,9.5,clear
742,2022-02-25,4560,Vance Riffle,"266, 268",0.5,9.5,clear
150,2015-08-19,1100,Eye Riffle,"210,215,217,215A/B",0,62.6,clear
743,2022-02-25,4560,G95,323AB,0,10,clear
744,2022-02-25,4560,Kiester Riffle,"397, 402, 403",0.5,10,clear
745,2022-02-25,4560,Goose Riffle,408,0.5,10,clear
746,2022-01-26,960,Vance Riffle,"266, 268",1.5,9,clear
747,2022-01-26,960,G95,323AB,0,10,clear
748,2022-01-26,960,Kiester Riffle,"397, 402",0,10,clear
749,2022-01-26,960,Goose Riffle,408,0,10.5,clear
750,2022-01-27,960,Junkyard Riffle,"499, 502",0,9.5,clear
751,2022-01-27,960,McFarland,450,0,8.5,clear
752,2022-01-27,960,Big Riffle,"424, 426",0,9,clear
753,2022-01-27,960,NA,NA,0,0,clear
754,2022-02-28,4500,Junkyard Riffle,"499, 502",0.75,0,clear
755,2022-02-28,4500,Gridley Riffle,"486, 487",0.75,0,clear
756,2022-02-28,4500,Big Riffle,"424, 426",0,0,clear
757,2022-02-28,4500,McFarland,450,0,0,clear
758,2022-03-23,650,Bedrock Park Riffle,"55, 56",2,0,clear
759,2022-03-23,650,Trailer Park Riffle,"96, 97, 98",2,0,NA
760,2022-03-23,650,Hatchery Riffle,28,2,0,clear
761,2022-03-23,0,Hatchery Ditch,"26, 33",2,0,clear
762,2022-03-23,650,Auditorium Riffle,"29, 30, 31, 32",2,0,clear
763,2022-03-24,650,Robinson Riffle,"169, 170, 171, 173, 174, 175",1.5,0,clear
764,2022-03-24,650,Matthews Riffle,"103, 104, 105",1.5,0,clear
765,2022-03-24,650,Aleck Riffle,"119, 120",1.5,0,clear
766,2022-03-24,650,Hatchery Riffle,"19, 23, 24, 25",1.5,0,clear
143,2015-08-17,1100,Hatchery Ditch,"33,26,28",0,59.9,clear
768,2022-03-25,650,Eye Riffle,"215A, 215B, 216, 210",0,13.5,clear
769,2022-03-25,650,Steep Riffle,"185, 189",2,14.5,clear
771,2022-03-28,3500,G95,"323A,B",1.2,15,precipitation
772,2022-03-28,3500,Kiester Riffle,"397, 403, 402",1.2,15,precipitation
773,2022-03-28,3500,Goose Riffle,408,1.2,15,precipitation
774,2022-03-29,3500,Junkyard Riffle,"499, 502",2,15,clear
775,2022-03-29,3500,Gridley Riffle,"486, 487",1,15,clear
777,2022-03-29,3500,Big Riffle,"424, 426",1.5,0,clear
778,2022-04-25,650,Bedrock Park Riffle,"55, 56",NA,13,clear
779,2022-04-25,650,Trailer Park Riffle,"96, 97, 98",2,13,cloudy
781,2022-04-25,650,Hatchery Ditch,"33, 26",2,13,clear
782,2022-04-25,650,Hatchery Riffle,"19, 23, 24, 25",0,13,clear
783,2022-04-25,650,Auditorium Riffle,"29, 30, 31, 32",2,13,clear
784,2022-04-26,650,Robinson Riffle,"169, 170, 171, 173, 174, 174",1.5,14,clear
785,2022-04-26,650,Aleck Riffle,"119, 120",1.5,14,clear
786,2022-04-26,650,Matthews Riffle,"103, 104, 105",1.5,14,clear
788,2022-04-27,650,Eye Riffle,"210, 215A,B, 216",1,14.5,clear
789,2022-04-27,800,Vance Riffle,"266, 268",1.5,15.5,clear
790,2022-04-27,800,G95,"323A, 323B",0,15.5,clear
791,2022-04-28,650,Steep Riffle,"189, 185",2,14,clear
144,2015-08-17,1100,Bedrock Park Riffle,"55,56",0,61.7,clear
792,2022-04-28,800,Goose Riffle,408,2,14.5,clear
794,2022-04-29,800,Big Riffle,"424, 426",1.2,14.5,clear
795,2022-04-29,800,McFarland,450,1.75,14.5,clear
796,2022-04-29,800,Junkyard Riffle,"499, 502",3,18,clear
797,2022-04-29,800,Gridley Riffle,"486, 487",0,18.5,clear
798,2022-05-03,650,Trailer Park Riffle,"96, 97, 98",2,14,clear
799,2022-05-23,650,Matthews Riffle,"103, 104, 105",1,15,clear
800,2022-05-23,650,Robinson Riffle,"169, 170, 171, 173, 174, 175",1,15.75,clear
801,2022-05-23,650,Hatchery Riffle,"19, 23, 24, 25",2,15,clear
802,2022-05-23,650,Auditorium Riffle,"29, 30, 31, 32",1.5,14.5,clear
803,2022-05-24,650,Hatchery Ditch,"26, 33",0.5,0,NA
804,2022-05-24,650,Hatchery Ditch,28,1.35,0,NA
806,2022-05-24,650,Aleck Riffle,"119, 120",0.55,16,NA
807,2022-05-25,650,Steep Riffle,"189, 185",0,16.5,NA
808,2022-05-25,600,Eye Riffle,"215AB, 216, 217",2,16.5,clear
809,2022-05-26,650,Gateway Riffle,"226, 228, 229, 221, 225",1.5,17,clear
810,2022-05-26,2200,G95,"323A,B",0.8,19,cloudy
811,2022-05-26,2200,Kiester Riffle,"397, 402, 403",1.5,20,cloudy
812,2022-05-26,2200,Vance Riffle,"266, 268",1.75,19,cloudy
813,2022-05-27,2200,Junkyard Riffle,"499, 502",1.25,18.5,NA
814,2022-05-27,2200,Gridley Riffle,"486, 487",2,19,NA
158,2015-08-24,1500,McFarland,450,0,65.3,clear
815,2022-05-27,2200,McFarland,450,2,19.5,clear
816,2022-05-27,2200,Big Riffle,"424, 426",1,20,clear
817,2022-05-27,2200,Goose Riffle,408,1,20,NA
818,2022-06-01,3500,Junkyard Riffle,"499, 502",0,20,clear
819,2022-06-21,3500,Gridley Riffle,"486, 487",2,20,clear
820,2022-06-21,3500,McFarland,450,1,20,clear
821,2022-06-22,3500,Big Riffle,"424, 426",1,18,clear
822,2022-06-22,3500,Goose Riffle,408,2,19,clear
825,2022-06-22,3500,Vance Riffle,"266, 268",2,18.5,clear
826,2022-06-23,1480,Robinson Riffle,"169, 170, 171, 173, 174, 175",1,15,cloudy
828,2022-06-23,1480,Matthews Riffle,"103, 104, 105",2,16,clear
829,2022-06-23,1480,Trailer Park Riffle,"96, 97, 98",2,16,clear
830,2022-06-23,1480,Bedrock Park Riffle,"55, 56",2,16.5,clear
831,2022-06-23,1480,Auditorium Riffle,"29, 30, 31, 32",2,15,clear
832,2022-06-23,1480,Hatchery Riffle,"19, 23, 24, 25",2,15,clear
833,2022-06-24,1480,Hatchery Ditch,28,2,15,clear
834,2022-06-24,1480,Hatchery Riffle,"33, 26",0.5,15,clear
835,2022-06-24,1480,Steep Riffle,"185, 189",1.5,16,clear
836,2022-06-24,1480,Eye Riffle,"210, 215A,B, 216",1.5,17,clear
838,2022-07-21,1500,Hatchery Ditch,"26, 33",0.5,16,clear
839,2022-07-21,1550,Hatchery Ditch,28,1.5,16,clear
108,2015-07-27,1898,Hatchery Riffle,"19, 23-25",0,59.9,clear
840,2022-07-21,1550,Hatchery Riffle,"19, 23, 24, 25",1.5,16,clear
841,2022-07-21,1550,Auditorium Riffle,"29, 30, 31, 32",2,16,clear
842,2022-07-21,1550,Bedrock Park Riffle,"55, 56",1,17,clear
843,2022-07-22,1560,Robinson Riffle,"169, 170, 171, 173, 174, 175",2.75,16,clear
844,2022-07-22,1560,Aleck Riffle,"119, 120",3,16,clear
845,2022-07-22,1550,Matthews Riffle,"103, 104, 105",3,16,clear
846,2022-07-22,1550,Trailer Park Riffle,"96, 97, 98",3,16,clear
847,2022-07-25,1300,Eye Riffle,"215A,B, 216, 210",2,15.5,clear
848,2022-07-25,1300,Steep Riffle,"189, 185",2.5,16,clear
849,2022-07-26,3740,G95,"323A,B",1,17.5,cloudy
850,2022-07-26,3740,Kiester Riffle,"397, 402, 403",2.5,18,cloudy
851,2022-07-26,3740,Vance Riffle,"266, 268",1,18,cloudy
852,2022-07-26,0,Gateway Riffle,"221, 225, 226, 228, 229",2,16,cloudy
854,2022-07-27,3750,McFarland,450,0,18,clear
855,2022-07-27,3750,Big Riffle,"424, 426",0,18.5,NA
856,2022-07-27,3750,Goose Riffle,408,0,18.5,NA
857,2022-07-28,3750,Gridley Riffle,"486, 487",0,18.5,clear
858,2022-08-22,1020,Hatchery Riffle,"26, 33",0.8,17,clear
859,2022-08-22,1020,Hatchery Ditch,28,3,16,clear
861,2022-08-22,1020,Auditorium Riffle,"29, 30, 31, 32",2,15,clear
862,2022-08-22,1020,Bedrock Park Riffle,"55, 56",1.5,16,clear
863,2022-08-24,1020,Gateway Riffle,"221, 225, 226, 228, 229",0,0,clear
864,2022-08-24,1020,Steep Riffle,"185, 189",3,15,clear
111,2015-07-27,2009,Auditorium Riffle,29-31,0,59,clear
865,2022-08-24,1020,Eye Riffle,"210, 215A,B, 216, 217",3,16.5,clear
866,2022-08-25,3010,Vance Riffle,"266, 268",2,18.75,NA
867,2022-08-25,3010,G95,"323A,B",2,18.75,clear
869,2022-08-25,3010,Goose Riffle,408,3,19,clear
870,2022-08-26,3010,Big Riffle,"424, 426",2.5,19,clear
871,2022-08-26,3010,McFarland,450,3,19,clear
874,2023-02-06,980,Junkyard Riffle,499 502,3,10,clear
875,2023-02-06,980,Gridley Riffle,486 487,3,10.5,clear
877,2023-02-06,980,Big Riffle,424 426,1,9,clear
878,2023-02-06,980,Goose Riffle,408,1.5,10,clear
879,2023-02-07,980,Kiester Riffle,"397, 402, 403",1,9,clear
880,2023-02-07,980,G95,"323A, 323B",0.75,9.5,clear
881,2023-02-07,980,Vance Riffle,"266, 268",0.75,9.5,clear
882,2023-02-08,650,Gateway Riffle,"221, 225, 226, 228, 229",1,8.5,clear
883,2023-02-08,650,Eye Riffle,"215A, 215B, 216, 210",1.5,9,clear
884,2023-02-08,650,Steep Riffle,"185, 189",1.5,9,clear
885,2023-02-09,650,Trailer Park Riffle,"96, 97, 98",1,8.5,clear
886,2023-02-09,680,Matthews Riffle,"103, 104, 105",1,8.5,clear
887,2023-02-09,680,Robinson Riffle,"169, 170, 171, 173, 174, 175",1,8.5,clear
888,2023-02-09,680,Aleck Riffle,"119, 120",1,8.5,clear
890,2023-02-10,680,Hatchery Ditch,"26, 33",1.5,8.5,clear
112,2015-07-27,2009,Bedrock Park Riffle,"55, 56",0,NA,clear
891,2023-02-10,680,Hatchery Riffle,"23, 24, 25, 19",0.75,8.5,clear
892,2023-02-10,680,Auditorium Riffle,"29, 30, 31, 32",0.75,8.5,clear
893,2023-02-10,680,Bedrock Park Riffle,"55, 56",0.7,8.5,clear
894,2023-05-26,10000,Junkyard Riffle,"499, 502",1.5,15.5,clear
896,2023-05-26,9000,McFarland,441,0,16,clear
897,2023-05-25,11000,Vance Riffle,"266, 268",0.2,14.5,clear
898,2023-05-25,11000,G95,"323A, 323B",0,15,clear
899,2023-05-25,10000,Kiester Riffle,"402, 403, 397",0,15.5,clear
901,2023-05-24,3650,Eye Riffle,"217, 215A",1.5,13.5,clear
902,2023-05-24,3650,Steep Riffle,"189,185",1.5,13,clear
903,2023-05-24,4650,Gateway Riffle,"221,225,226,228,229",1.5,13,clear
905,2023-05-23,4660,Trailer Park Riffle,99,2,13,clear
906,2023-05-23,4660,Matthews Riffle,103,1.5,13,clear
907,2023-05-23,4660,Trailer Park Riffle,98,1,13,clear
908,2023-05-23,5660,Aleck Riffle,"119,121,118",1,12.5,clear
909,2023-05-22,5650,Hatchery Ditch,"33, 26",1.5,12,clear
910,2023-05-22,5650,Hatchery Riffle,28,1,12,clear
113,2015-07-28,2000,Trailer Park Riffle,96-98,0,59.9,clear
912,2023-05-22,5650,Bedrock Park Riffle,"55, 56",1.5,12.5,clear
913,2023-06-12,8000,Junkyard Riffle,"499, 502",1.75,17.5,cloudy
914,2023-06-12,8000,Gridley Riffle,"486, 487",1,17.5,cloudy
915,2023-06-13,8000,McFarland,441,1.5,17,clear
916,2023-06-13,8000,Big Riffle,"424, 426",1.25,18,clear
917,2023-06-13,8000,Goose Riffle,408,1.2,16,clear
918,2023-06-13,8000,Kiester Riffle,"402, 403, 397",1,17.5,clear
919,2023-06-16,1000,Hatchery Riffle,"19, 23, 24, 25",2,14,clear
920,2023-06-16,1000,Auditorium Riffle,"30, 31, 32, 29",2,14,clear
921,2023-06-16,1000,Hatchery Ditch,"33, 26",0.5,14.5,clear
922,2023-06-16,1000,Hatchery Riffle,28,2.5,14.5,clear
923,2023-06-16,1000,Bedrock Park Riffle,"55, 56",0,15,clear
924,2023-06-15,1300,Steep Riffle,"185, 189",0,15,clear
925,2023-06-14,1600,Eye Riffle,"210, 216, 215A, 215B",1.5,16.5,clear
926,2023-06-14,0,Gateway Riffle,"221, 225, 226, 228, 229",0,15,NA
927,2023-06-14,7000,Vance Riffle,"266, 268",1,18,cloudy
928,2023-06-14,0,G95,"323A, 323B",0.7,0,clear
929,2023-06-15,1350,Trailer Park Riffle,"96, 97, 98",0,14.9,clear
930,2023-06-15,1350,Matthews Riffle,"103, 104, 105",0,15,clear
931,2023-06-15,1350,Aleck Riffle,"119, 120",1,16,clear
932,2023-06-15,1350,Robinson Riffle,"169,170,171,173,174,175",0.75,15.5,clear
933,2023-07-17,1500,Bedrock Park Riffle,"55,56",2,17,clear
934,2023-07-17,1500,Hatchery Riffle,28,NA,NA,clear
114,2015-07-28,2000,Matthews Riffle,103-105,0,61.2,clear
935,2023-07-17,1500,Hatchery Ditch,"33, 26",1.5,17,clear
936,2023-07-17,1500,Auditorium Riffle,"30,32,31,29",1.75,15.5,clear
938,2023-07-18,2000,Aleck Riffle,"119,120",1,17,NA
939,2023-07-18,2000,Robinson Riffle,"170,169,171,175,174,173",1,17.5,clear
940,2023-07-18,2000,Matthews Riffle,"103,104,105",1,16.5,clear
941,2023-07-18,2000,Trailer Park Riffle,"96,97,98",NA,NA,clear
942,2023-07-19,5000,Vance Riffle,NA,1.25,17.5,clear
944,2023-07-19,2000,Steep Riffle,"185,189",1.5,16.5,clear
945,2023-07-19,2000,Gateway Riffle,"221,225,226,228,229",1.5,16,clear
946,2023-07-20,5000,Big Riffle,"424,426",1.5,21,clear
949,2023-07-20,5000,G95,"323A, 323B",1.5,19,clear
950,2023-07-21,5000,McFarland,450,1.25,20,clear
951,2023-07-21,5000,Gridley Riffle,"486,487",1,20,clear
952,2023-07-21,5000,Junkyard Riffle,"499, 502",1.5,19.5,clear
953,2023-04-12,4000,Steep Riffle,"188,189",0.75,10,clear
954,2023-04-12,4000,Eye Riffle,"215A,215B,210",0.7,10,clear
955,2023-04-12,4000,Gateway Riffle,"221,225,226,228,229",0.75,9.5,clear
956,2023-04-10,1000,Hatchery Ditch,"26,33",2,10,clear
957,2023-04-10,1000,Hatchery Riffle,28,1.5,10,clear
958,2023-04-10,1000,Bedrock Park Riffle,"55,56",1,10,clear
115,2015-07-28,2000,Aleck Riffle,120 and 119,0,61.7,clear
959,2023-04-10,1000,Robinson Riffle,"169,170,171,173,174,175",1,10,clear
960,2023-04-07,1300,Aleck Riffle,"119,120",0.5,10,precipitation
961,2023-04-07,1300,Matthews Riffle,"103,104,105",1.75,10,precipitation
962,2023-04-07,1300,Trailer Park Riffle,"96,97,98",NA,NA,cloudy
963,2023-04-07,1300,Auditorium Riffle,"29,30,31,32",1,10,precipitation
964,2023-04-07,1300,Hatchery Riffle,"19,23,24,25",1.25,9.5,precipitation
965,2023-03-08,1000,Steep Riffle,"185, 189",0.5,8,cloudy
966,2023-03-08,1000,Eye Riffle,"210,215A,215B,216",0.6,8.5,cloudy
967,2023-03-08,1000,Robinson Riffle,"169,170,171,173,174,175",0.5,8.5,cloudy
968,2023-03-06,650,Hatchery Ditch,"33,26",1,8,precipitation
969,2023-03-08,1000,Gateway Riffle,"221,225,226,228,229",0.5,8.5,cloudy
970,2023-03-06,650,Hatchery Riffle,"19,23,24,25",NA,8,precipitation
971,2023-03-06,650,Hatchery Riffle,28,1.5,8,precipitation
972,2023-03-06,650,Auditorium Riffle,"29,30,31,32",1.25,8,precipitation
973,2023-03-06,650,Bedrock Park Riffle,"55,56",0.5,8,precipitation
116,2015-07-28,0,Robinson Riffle,"169, 170, 171, 173, 174, 175",0,62.6,clear
117,2015-07-29,2000,Steep Riffle,"185, 189",0,60.8,clear
118,2015-07-29,2000,Eye Riffle,"210, 217",0,62.6,clear
119,2015-07-29,2000,Eye Riffle,"215A/B, 216",0,62.6,clear
120,2015-07-29,3260,Vance Riffle,"268, 266",0,68,clear
110,2015-07-27,1898,Hatchery Ditch,28,0,60.3,clear
312,2018-02-14,1000,Steep Riffle,189 185,0,46.4,partly cloudy
208,2016-05-18,1700,Eye Riffle,216 217 210,0,52.7,clear
314,2018-02-15,1750,Gateway Riffle,221 226 229 228,0,50,clear
315,2018-02-15,1750,Vance Riffle,266 268,0,49.1,clear and windy
243,2016-07-28,4000,River Bend Upstream Beach,RBUB,0,64.4,clear
242,2016-07-28,4000,Hatchery Ditch,26,0,61.7,clear
233,2016-07-19,0,Hour Side Channel,UHSC,0,65.3,clear
232,2016-07-19,0,Hour Side Channel,HTPSC,0,65.3,clear
241,2016-07-28,4000,Hatchery Ditch,SEC2,0,61.7,clear
231,2016-07-19,0,Big Riffle,BRB,0,63.5,clear
230,2016-07-18,0,Cox Flat,CF,0,65.3,clear
351,2018-05-10,800,Eye Riffle,215A 215B 216 217 210,0,55.4,partly cloudy
325,2018-03-29,0,G95,323B 323A,0.75,57.2,hazy
326,2018-04-10,3500,Hatchery Riffle,33 26,0,50,cloudy
321,2018-03-20,1050,Big Riffle,424 426,0,50.9,precipitation
319,2018-03-20,1050,Junkyard Riffle,499 502,0,51.8,precipitation
353,2018-05-14,800,Hatchery Riffle,19 23 24 25,0,0,clear
507,2020-06-19,950,Hatchery Riffle,"33, 26, 28",0,59.9,clear
488,2020-02-24,800,Hatchery Riffle,"19, 23-25",NA,10,clear
524,2020-06-30,4250,Junkyard Riffle,499 502,0,20.5,clear
366,2018-06-13,1650,Gateway Riffle,221 225 226 228 229,0,64.4,clear
367,2018-06-14,1400,Robinson Riffle,NA,1,16.8,clear
368,2018-06-14,1400,Aleck Riffle,120 119,0,60.8,clear
370,2018-06-14,1400,Trailer Park Riffle,96 97 98,0,61.7,clear
385,2018-07-18,4500,Vance Riffle,268,1.4,68.9,clear
472,2019-08-07,4620,Bedrock Park Riffle,"55,56",0,0,clear
451,2019-07-08,1400,Hatchery Ditch,"33,26,28",0,61.7,clear
414,2018-08-22,0,Auditorium Riffle,29-32,0,59,clear
417,2018-09-11,800,Aleck Riffle,119 120,0,58.1,clear
419,2018-09-11,800,Matthews Riffle,103 104 105,0,59,clear
422,2018-09-12,6000,McFarland,450,0,60.4,NA
423,2018-09-12,6000,Big Riffle,424 426,1.1,60.4,cloudy
424,2018-09-13,6000,Goose Riffle,408,0,60.8,clear
425,2018-09-13,6000,Kiester Riffle,402,0,60.8,clear
438,2019-05-13,3500,Hatchery Riffle,"23,24,25",0,53.6,cloudy
452,2019-07-08,1400,Hatchery Riffle,"19,23,24,25",0,60.8,clear
484,2019-08-12,7600,Big Riffle,NA,0,64.4,clear
453,2019-07-08,1400,Auditorium Riffle,"29,31,32",0,61.7,clear
481,2019-08-09,4120,Eye Riffle,"210,215A,215B,216,217",0,58.1,cloudy
483,2019-08-12,7600,G95,323A,0,62.6,clear
439,2019-05-13,3500,Auditorium Riffle,"29,31,32,30",0,53.6,cloudy
457,2019-07-10,1200,Aleck Riffle,"119, 120",0,61.7,clear
516,2020-06-24,1240,Steep Riffle,189 185,0,16.5,clear
462,2019-07-15,5300,Kiester Riffle,"397,402,403",0,68.9,clear
466,2019-07-17,5300,Gridley Riffle,"486, 487A, 487B",NA,66.2,clear
470,2019-08-06,4580,Aleck Riffle,"119, 120",3,62.6,cloudy
479,2019-08-09,4120,Gateway Riffle,"221,225,226,228,229",0,59,cloudy
441,2019-05-14,3500,Trailer Park Riffle,"96,97,98",0,51.8,cloudy
612,2021-04-26,810,Steep Riffle,189 185,0,13,partly cloudy
670,2021-07-16,2070,Eye Riffle,210 215A&B 216,1.5,17,clear
633,2021-05-25,2500,Vance Riffle,266 268,0,17,clear
538,2020-07-22,0,Vance Riffle,NA,0,19,clear
617,2021-04-27,0,Goose Riffle,408,0,16,clear
625,2021-05-18,750,Hatchery Riffle,26 33,0,13.5,clear
626,2021-05-18,750,Bedrock Park Riffle,55 56,0,14,clear
641,2021-06-22,2750,Hatchery Riffle,26 33 28,0,15.5,clear
631,2021-05-21,710,Eye Riffle,210 215A/B 216,0,14,clear
642,2021-06-22,2750,Hatchery Riffle,19 23 24 25,0,15.5,clear
650,2021-06-25,2750,Gridley Riffle,486 487,0,18.5,clear
645,2021-06-23,2400,Trailer Park Riffle,NA,0,16,clear
658,2021-06-30,3010,Kiester Riffle,397 402 403,0,18.5,clear
713,2021-09-20,1290,G95,323A 323B,0,15.5,clear
714,2021-09-20,1290,Goose Riffle,408,0,13,clear
860,2022-08-22,1020,Hatchery Riffle,"19, 23, 24, 25",2,15,clear
679,2021-07-20,2990,McFarland,450,0,18.5,clear
662,2021-07-14,1550,Hatchery Riffle,26 33,0,16.5,clear
683,2021-08-25,670,Hatchery Riffle,28,0,10,NA
664,2021-07-14,1550,Bedrock Park Riffle,55 56,0,18,clear
685,2021-08-26,650,Trailer Park Riffle,96 97 98,0,10,clear
694,2021-08-30,1320,Kiester Riffle,402 397 403,0,15.5,clear
696,2021-08-31,1280,Junkyard Riffle,499 502,0,16,clear
698,2021-08-31,1320,McFarland,450,0,15.4,clear
699,2021-08-31,1320,Big Riffle,424 426,0,15.3,clear
701,2021-09-13,680,Auditorium Riffle,29 30 31 32,0,11,clear
717,2021-09-21,1290,Gridley Riffle,486 487,0,17.5,clear
719,2021-09-21,1290,Big Riffle,424 426,0,16,clear
738,2022-02-23,670,Aleck Riffle,"119, 120",NA,9.5,clear
853,2022-07-27,3750,Junkyard Riffle,"499, 502",0,18.5,clear
770,2022-03-28,3500,Vance Riffle,"226, 268",1.5,14.75,precipitation
767,2022-03-25,650,Gateway Riffle,"221, 225, 226, 228, 229",2,13.5,clear
776,2022-03-29,3500,McFarland,450,1.5,0,clear
780,2022-04-25,650,Hatchery Ditch,28,0,13,clear
787,2022-04-27,650,Gateway Riffle,"226, 228, 229, 221, 225",2,14.5,clear
793,2022-04-28,800,Kiester Riffle,"397, 403, 402",2,0,clear
823,2022-06-22,3500,Kiester Riffle,"402, 403",1.5,18.5,clear
824,2022-06-22,3500,G95,323ab,1.5,19,clear
827,2022-06-23,1480,Aleck Riffle,"119, 120",0,16,clear
837,2022-06-24,1480,Gateway Riffle,"221, 225, 226, 228, 229",1.5,17.5,clear
868,2022-08-25,3010,Kiester Riffle,"397, 402, 403",2,19,clear
872,2022-08-26,3010,Gridley Riffle,"486, 487",3.5,19,clear
805,2022-05-24,650,Bedrock Park Riffle,"55, 56",0.75,15,NA
873,2022-08-26,3010,Junkyard Riffle,"499, 502",3,19.5,clear
876,2023-02-06,980,McFarland,450,1.5,9,clear
937,2023-07-17,1500,Hatchery Riffle,"19,23,24,25",1.75,15.5,clear
889,2023-02-10,680,Hatchery Riffle,28,0.75,8.5,clear
943,2023-07-19,2000,Eye Riffle,"215A,215B,216,210",1.25,17,clear
911,2023-05-22,5650,Hatchery Riffle,"23, 25, 24, 19",1.5,11,clear
895,2023-05-26,10000,Gridley Riffle,"487, 486",1,16,clear
948,2023-07-20,5000,Kiester Riffle,"397,402,403",1.5,19.5,clear
947,2023-07-20,5000,Goose Riffle,408,1.5,20,clear
900,2023-05-25,10000,Big Riffle,"424, 426",2,16,clear
904,2023-05-23,4660,Robinson Riffle,"176,177,178(ABC),173",1.5,12.5,clear
